brand,model,form_factor,eff_rating,wattage,modular,color,price
Corsair,RM (2019),ATX,80+ Gold,750,Full,Black,
Corsair,RM (2019),ATX,80+ Gold,850,Full,Black,134.99
EVGA,BQ,ATX,80+ Bronze,600,Semi,,74.98
EVGA,BQ,ATX,80+ Bronze,500,Semi,,69.94
Cooler Master,MWEGold,ATX,80+ Gold,650,Full,Black,245.99
EVGA,BR,ATX,80+ Bronze,500,No,,49.99
Corsair,RM (2019),ATX,80+ Gold,650,Full,Black,119.97
SeaSonic,S12III,ATX,80+ Bronze,650,No,Black,49.99
Corsair,CXM,ATX,80+ Bronze,650,Semi,,84.99
EVGA,BR,ATX,80+ Bronze,450,No,,52.99
Thermaltake,Smart,ATX,80+,500,No,,47.99
Corsair,RMx (2018),ATX,80+ Gold,850,Full,Black,
Corsair,AXi,ATX,80+ Titanium,1600,Full,,549.99
EVGA,BR,ATX,80+ Bronze,700,No,,74.99
Corsair,CXM,ATX,80+ Bronze,550,Semi,,64.99
Corsair,TXM Gold,ATX,80+ Gold,550,Semi,,99.99
Gigabyte,P GM,ATX,80+ Gold,750,Full,Black,109.99
SeaSonic,S12III,ATX,80+ Bronze,500,No,Black,39.99
Corsair,CV,ATX,80+ Bronze,550,No,Black,37.99
EVGA,B5,ATX,80+ Bronze,650,Full,Black,87.86
Corsair,TXM Gold,ATX,80+ Gold,650,Semi,,89.99
Corsair,CXM (2015),ATX,80+ Bronze,450,Semi,,59.99
EVGA,G3,ATX,80+ Gold,750,Full,,129.99
Corsair,CV,ATX,80+ Bronze,450,No,Black,34.99
EVGA,BR,ATX,80+ Bronze,600,No,,71.49
Corsair,HX Platinum,ATX,80+ Platinum,1000,Full,,337.99
Corsair,RMx White (2018),ATX,80+ Gold,750,Full,White / Black,196.99
EVGA,100-W1-0500-KR,ATX,80+,500,No,,48.11
Corsair,RMx,ATX,80+ Gold,1000,Full,,204.99
Cooler Master,MWEGold,ATX,80+ Gold,750,Full,Black,119.99
Corsair,RMx (2018),ATX,80+ Gold,750,Full,Black,153.99
Corsair,SF,SFX,80+ Platinum,750,Full,,
EVGA,G3,ATX,80+ Gold,650,Full,,119.94
SeaSonic,FOCUS Plus Gold,ATX,80+ Gold,650,Full,,118.50
EVGA,BQ,ATX,80+ Bronze,750,Semi,,89.99
Corsair,HX Platinum,ATX,80+ Platinum,1200,Full,,348.77
Cooler Master,MWEGold,ATX,80+ Gold,550,Full,Black,89.99
Corsair,CXM,ATX,80+ Bronze,750,Semi,,89.99
EVGA,SuperNOVA GA,ATX,80+ Gold,650,Full,Black,109.99
Corsair,RMx (2018),ATX,80+ Gold,850,Full,White / Black,
Thermaltake,Smart,ATX,80+,600,No,,57.99
Corsair,CX (2017),ATX,80+ Bronze,450,No,,49.99
SeaSonic,S12III,ATX,80+ Bronze,550,No,Black,44.99
Corsair,CV,ATX,80+ Bronze,650,No,Black,69.98
EVGA,B5,ATX,80+ Bronze,550,Full,Black,78.99
SeaSonic,FOCUS Plus Gold,ATX,80+ Gold,750,Full,,165.67
EVGA,SuperNOVA GA,ATX,80+ Gold,850,Full,Black,139.99
EVGA,100-N1-0400-L1,ATX,,400,No,,36.49
EVGA,G3,ATX,80+ Gold,850,Full,,173.97
EVGA,GD (2019),ATX,80+ Gold,600,No,Black,87.70
Corsair,SF,SFX,80+ Platinum,600,Full,Black,184.99
Corsair,RMx (2018),ATX,80+ Gold,650,Full,Black / Silver,109.99
EVGA,BQ,ATX,80+ Bronze,650,Semi,,89.94
Corsair,RMx (2018),ATX,80+ Gold,550,Full,Black / Silver,94.98
NZXT,C,ATX,80+ Gold,850,Full,Black,129.99
EVGA,SuperNOVA GA,ATX,80+ Gold,750,Full,Black,157.65
Corsair,TXM Gold,ATX,80+ Gold,750,Semi,,
Aerocool,XPredator GM,ATX,80+ Gold,1000,Semi,Black,1919.61
SeaSonic,FOCUS Plus Gold,ATX,80+ Gold,850,Full,,156.98
Thermaltake,Smart,ATX,80+,700,No,,54.99
EVGA,100-W1-0600-K1,ATX,80+,600,No,,59.99
EVGA,210-GQ-0750-V1,ATX,80+ Gold,750,Semi,,119.94
EVGA,GD (2019),ATX,80+ Gold,500,No,Black,72.90
Thermaltake,Smart Series,ATX,80+,430,No,Black / White,42.99
Asus,ROG Thor 1200P,ATX,80+ Platinum,1200,Full,Black,627.99
Gigabyte,P-B,ATX,80+ Bronze,450,No,Black,39.99
EVGA,SuperNOVA GM,SFX,80+ Gold,550,Full,Black,101.99
Gigabyte,P-B,ATX,80+ Bronze,650,No,Black,54.99
EVGA,GD (2019),ATX,80+ Gold,700,No,Black,88.99
EVGA,G1+,ATX,80+ Gold,1000,Full,Black,189.94
Corsair,SF,SFX,80+ Gold,600,Full,,124.99
SeaSonic,FOCUS Plus Gold,ATX,80+ Gold,550,Full,,99.99
be quiet!,SystemPower9,ATX,80+ Bronze,500,No,Black,110.38
Thermaltake,Toughpower GF1 PE,ATX,80+ Gold,750,Full,Black,112.98
Corsair,AXi,ATX,80+ Platinum,1200,Full,,927.43
EVGA,SuperNOVA GM,SFX,80+ Gold,450,Full,Black,95.94
Cooler Master,MasterWatt,ATX,80+ Bronze,750,Semi,Black,74.99
Aerocool,Integrator,ATX,80+ Bronze,500,No,Black,65.47
EVGA,W3,ATX,80+,450,No,Black,44.99
Gigabyte,P GM,ATX,80+ Gold,850,Full,Black,119.99
EVGA,SuperNOVA GM,SFX,80+ Gold,650,Full,Black,
Cooler Master,MasterWatt,ATX,80+ Bronze,650,Semi,,64.99
be quiet!,PurePower11,ATX,80+ Gold,600,No,Black,171.79
Corsair,AX,ATX,80+ Titanium,1000,Full,Black / Silver,711.99
Silverstone,SFX,SFX,80+ Titanium,800,Full,,225.98
Thermaltake,Toughpower GF1 PE,ATX,80+ Gold,850,Full,Black,129.99
EVGA,G3,ATX,80+ Gold,1000,Full,,219.99
Corsair,CX (2017),ATX,80+ Bronze,550,No,,74.99
SeaSonic,FOCUS Gold,ATX,80+ Gold,750,Semi,,120.99
SeaSonic,FOCUS Gold,ATX,80+ Gold,650,Semi,,100.24
Asus,ROG Thor 850,ATX,80+ Platinum,850,Full,Black / Red,
Super Flower,Leadex,ATX,80+ Platinum,2000,Full,,
Corsair,HX Platinum,ATX,80+ Platinum,850,Full,,210.95
Corsair,HXi,ATX,80+ Platinum,1000,Full,,369.00
EVGA,210-GQ-0650-V1,ATX,80+ Gold,650,Semi,,113.00
EVGA,BA,ATX,80+ Bronze,500,No,Black,55.96
Asus,ROG Strix,ATX,80+ Gold,750,Full,Black / Red,154.99
Thermaltake,Toughpower GX2,ATX,80+ Gold,600,No,Black,
NZXT,C,ATX,80+ Gold,750,Full,Black,119.99
Corsair,VS,ATX,80+,650,No,,
Cooler Master,MWEBronzeV2,ATX,80+ Bronze,550,No,Black,161.00
EVGA,G3,ATX,80+ Gold,550,Full,,104.98
SeaSonic,FOCUS,ATX,80+ Gold,750,Full,Black,169.99
Antec,NeoECO Gold ZEN,ATX,80+ Gold,700,No,Black / Gold,
Asus,ROG Strix,ATX,80+ Gold,850,Full,White,248.84
Apevia,Prestige,ATX,80+ Gold,800,No,Black,
Logisys,PS480D2,ATX,,480,No,,16.98
Antec,NeoECO Gold ZEN,ATX,80+ Gold,600,No,Black / Gold,
be quiet!,PurePower11CM,ATX,80+ Gold,500,Semi,Black,79.90
be quiet!,SystemPower9,ATX,80+ Bronze,400,No,Black,127.85
Corsair,CX (2017),ATX,80+ Bronze,650,No,,69.99
EVGA,T2,ATX,80+ Titanium,1600,Full,,499.99
Corsair,HX Platinum,ATX,80+ Platinum,750,Full,,164.98
NZXT,C,ATX,80+ Gold,650,Full,Black,104.40
be quiet!,StraightPower11,ATX,80+ Gold,750,Full,,338.99
EVGA,B5,ATX,80+ Bronze,750,Full,Black,103.22
CoolMax,I-500,ATX,,500,No,,22.67
SeaSonic,FOCUS,ATX,80+ Gold,550,Full,Black,99.99
Cooler Master,EliteV3,ATX,80+,400,No,Black,41.49
SeaSonic,FOCUS Plus Gold,ATX,80+ Gold,1000,Full,Black,
EVGA,SuperNOVA GA,ATX,80+ Gold,550,Full,Black,104.93
Cougar,VTE,ATX,80+ Bronze,600,No,Black,47.99
EVGA,BA,ATX,80+ Bronze,600,No,Black,69.98
EVGA,P2,ATX,80+ Platinum,850,Full,,209.94
be quiet!,SystemPower9,ATX,80+ Bronze,600,No,Black,138.94
Raidmax,XT,ATX,,300,No,,29.99
Antec,NeoECO Gold,ATX,80+ Gold,750,Semi,Black,79.99
EVGA,G1+,ATX,80+ Gold,750,Full,Black,123.94
SeaSonic,FOCUS Gold,ATX,80+ Gold,550,Semi,,79.98
Cooler Master,EliteV3,ATX,80+,600,No,Black,58.74
Antec,NeoECO Gold ZEN,ATX,80+ Gold,500,No,Black / Gold,
Antec,VP PLUS,ATX,80+,500,No,,52.62
be quiet!,StraightPower11,ATX,80+ Gold,650,Full,,118.79
Corsair,AX,ATX,80+ Titanium,850,Full,Black / Silver,
Thermaltake,Smart Pro RGB,ATX,80+ Bronze,750,Full,,109.99
Thermaltake,Toughpower Grand RGB,ATX,80+ Gold,850,Full,,149.99
Corsair,CXF,ATX,80+ Bronze,650,Full,White / Black,84.99
EVGA,T2,ATX,80+ Titanium,1000,Full,,335.98
EVGA,G1+,ATX,80+ Gold,650,Full,Black,114.54
Cooler Master,MasterWatt,ATX,80+ Bronze,550,Semi,,78.98
EVGA,100-N1-0750-L1,ATX,,750,No,,64.99
Cooler Master,EliteV3,ATX,,500,No,Black,49.99
Fractal Design,Ion+,ATX,80+ Platinum,760,Full,Black,134.98
be quiet!,PurePower11CM,ATX,80+ Gold,600,Semi,Black,99.99
Thermaltake,Smart BX1,ATX,80+ Bronze,650,No,Black,67.99
Corsair,HXi,ATX,80+ Platinum,850,Full,,222.94
SeaSonic,FOCUS Plus Platinum,ATX,80+ Platinum,650,Full,,124.99
Antec,Earthwatts Gold Pro,ATX,80+ Gold,650,Semi,Black,95.87
SeaSonic,PRIME Ultra Titanium,ATX,80+ Titanium,1000,Full,,
SeaSonic,FOCUS,ATX,80+ Gold,650,Full,Black,124.99
EVGA,P2,ATX,80+ Platinum,1600,Full,,465.00
SeaSonic,FOCUS Plus Platinum,ATX,80+ Platinum,850,Full,,172.31
Corsair,SF,SFX,80+ Gold,450,Full,,112.39
EVGA,P2,ATX,80+ Platinum,750,Full,,179.94
Silverstone,Essential,ATX,80+ Bronze,750,No,Black,74.22
be quiet!,PurePower11,ATX,80+ Bronze,300,No,Black,135.03
Phanteks,Revolt Pro,ATX,80+ Gold,1000,Full,Silver / Black,247.99
Corsair,CXF,ATX,80+ Bronze,650,Full,Black,84.99
Corsair,RMx,ATX,80+ Gold,650,Full,,191.99
GameMax,RGB Rainbow,ATX,80+ Gold,850,Full,Black,
EVGA,G5,ATX,80+ Gold,650,Full,Black / Green,94.99
EVGA,G5,ATX,80+ Gold,750,Full,Black / Green,135.71
SeaSonic,PRIME Ultra Titanium,ATX,80+ Titanium,750,Full,,224.85
Corsair,CXM V2 (2017),ATX,80+ Bronze,750,Semi,Black / White,
Thermaltake,Smart RGB,ATX,80+,500,No,Black,63.99
Phanteks,Revolt X,ATX,80+ Platinum,1200,Full,Black / Silver,435.99
EVGA,BQ,ATX,80+ Bronze,850,Semi,,117.49
Corsair,RMx,ATX,80+ Gold,750,Full,,214.88
KOLINK,ENCLAVE,ATX,80+ Gold,600,Full,Black / Yellow,
Silverstone,SX700-PT,SFX,80+ Platinum,700,Full,Black,174.99
Cooler Master,MWEBronzeV2,ATX,80+ Bronze,650,No,Black,
be quiet!,PurePower11CM,ATX,80+ Gold,700,Semi,Black,109.90
KOLINK,ENCLAVE,ATX,80+ Gold,700,Full,Black / Yellow,
Enermax,Revolution D.F.,ATX,80+ Gold,850,Full,Black / Silver,
SeaSonic,FOCUS SGX,SFX,80+ Gold,650,Full,Black,312.99
SeaSonic,FOCUS Plus Platinum,ATX,80+ Platinum,750,Full,,150.98
Thermaltake,TR2,ATX,,500,No,,34.99
SeaSonic,CORE GM,ATX,80+ Gold,650,Semi,Black,
Corsair,CXM,ATX,80+ Bronze,500,Semi,,99.99
Thermaltake,Smart Pro RGB,ATX,80+ Bronze,650,Full,,214.99
Corsair,TXM Gold,ATX,80+ Gold,850,Semi,,
Fractal Design,Ion+,ATX,80+ Platinum,560,Full,Black,97.99
SeaSonic,FOCUS,ATX,80+ Gold,850,Full,Black,
Rosewill,LEPTON,ATX,80+ Gold,500,Semi,Black,59.99
Corsair,VS,ATX,80+,550,No,,
Super Flower,LeadexIIIGold,ATX,80+ Gold,750,Full,Black,129.99
be quiet!,DarkPowerPro12,ATX,80+ Titanium,1200,Full,Black,999.99
GameMax,GP,ATX,80+ Bronze,650,No,Black,
SeaSonic,PRIME Platinum,ATX,80+ Platinum,1300,Full,Black,
SeaSonic,PRIME Titanium,ATX,80+ Titanium,1000,Full,,899.00
Thermaltake,Toughpower GF1 PE,ATX,80+ Gold,650,Full,,99.99
Corsair,CXF,ATX,80+ Bronze,750,Full,Black,
SeaSonic,FOCUS SGX,SFX,80+ Gold,500,Full,Black,99.99
Thermaltake,Toughpower Grand RGB,ATX,80+ Gold,750,Full,,119.99
Thermaltake,Toughpower DPS G RGB Titanium,ATX,80+ Titanium,1500,Full,,430.21
SeaSonic,FOCUS,ATX,80+ Platinum,750,Full,Black,144.99
PowerSpec,PS 650BSM,ATX,80+ Bronze,650,Semi,Black,
Super Flower,LeadexIIIGold,ATX,80+ Gold,650,Full,Black,119.99
Antec,NeoECO Classic,ATX,80+ Bronze,550,No,Black,64.98
be quiet!,DarkPowerPro12,ATX,80+ Titanium,1500,Full,Black,
Antec,Earthwatts Gold Pro,ATX,80+ Gold,750,Semi,Black,190.00
Cooler Master,MWEBronzeV2,ATX,80+ Bronze,750,No,Black,174.06
EVGA,G2,ATX,80+ Gold,750,Full,,
Thermaltake,TR2,ATX,,600,No,,53.99
Silverstone,SX650-G,SFX,80+ Gold,650,Full,,125.99
SeaSonic,FOCUS,ATX,80+ Gold,650,Semi,Black,99.99
EVGA,100-N1-0650-L1,ATX,,650,No,,58.52
Thermaltake,Toughpower iRGB PLUS,ATX,80+ Titanium,1250,Full,,410.99
Corsair,RMx,ATX,80+ Gold,850,Full,,249.00
Silverstone,Essential,ATX,80+ Gold,750,No,Black / Yellow,92.76
Gigabyte,B-H,ATX,80+ Bronze,700,Semi,Black,
Corsair,CX (2017),ATX,80+ Bronze,750,No,,94.99
Corsair,CXM,ATX,80+ Bronze,600,Semi,,
Cooler Master,MWEWhiteV2230V,ATX,80+,400,No,Black,
EVGA,B3,ATX,80+ Bronze,450,Full,,
EVGA,G5,ATX,80+ Gold,1000,Full,Black / Green,224.99
EVGA,B5,ATX,80+ Bronze,850,Full,Black,129.94
Fractal Design,Ion+,ATX,80+ Platinum,860,Full,Black,
Fractal Design,Ion+,ATX,80+ Platinum,660,Full,Black,114.99
Rosewill,HIVE,ATX,80+ Bronze,650,Semi,,99.99
SeaSonic,FOCUS,ATX,80+ Gold,750,Semi,Black,
Phanteks,AMP,ATX,80+ Gold,750,Full,Black,
Phanteks,AMP,ATX,80+ Gold,650,Full,Black,105.98
be quiet!,SystemPower9,ATX,80+ Bronze,700,No,Black,136.91
Apevia,Signature,ATX,80+ Bronze,1050,Semi,Black,69.98
SeaSonic,PRIME Ultra Titanium,ATX,80+ Titanium,850,Full,,649.00
be quiet!,PurePower11CM,ATX,80+ Gold,400,Semi,Black,134.94
Corsair,VS,ATX,80+,500,No,,
Corsair,RMx White,ATX,80+ Gold,850,Full,,269.99
Phanteks,AMP,ATX,80+ Gold,550,Full,Black,96.98
EVGA,100-N1-0550-L1,ATX,,550,No,,53.28
Rosewill,LEPTON 600,ATX,80+ Gold,600,Semi,Black,69.99
Rosewill,Capstone,ATX,80+ Gold,750,Semi,,89.99
be quiet!,StraightPower11,ATX,80+ Gold,850,Full,,257.29
Super Flower,LeadexIIIGold,ATX,80+ Gold,850,Full,Black,
EVGA,G2,ATX,80+ Gold,850,Full,,149.00
GAMDIAS,KRATOS M1 B,ATX,80+ Bronze,750,No,Black,74.98
Silverstone,SFX,SFX,80+ Gold,500,Full,,109.40
Silverstone,Essential,ATX,80+ Bronze,550,No,Black,55.99
SeaSonic,CORE GM,ATX,80+ Gold,500,Semi,Black,
SeaSonic,FOCUS PX,ATX,80+ Platinum,850,Full,Black,
EVGA,G5,ATX,80+ Gold,850,Full,Black / Green,169.14
EVGA,P2,ATX,80+ Platinum,1000,Full,,449.95
EVGA,210-GQ-0850-V1,ATX,80+ Gold,850,Semi,,149.94
Corsair,AXi,ATX,80+ Titanium,1500,Full,,
Corsair,HXi,ATX,80+ Platinum,750,Full,,198.99
Corsair,VS,ATX,80+,450,No,,
Corsair,RMx,ATX,80+ Gold,550,Full,,
Corsair,HXi,ATX,80+ Platinum,1200,Full,,
be quiet!,StraightPower11,ATX,80+ Platinum,850,Full,Black,174.90
Aerocool,LUX RGB M,ATX,80+ Bronze,750,Semi,Black,
EVGA,G2,ATX,80+ Gold,650,Full,,213.98
SeaSonic,PRIME Gold,ATX,80+ Gold,1300,Full,Black,
Asus,ROG Strix,ATX,80+ Gold,650,Full,Black / Red,127.99
Super Flower,LeadexIIIARGB,ATX,80+ Gold,650,Full,White,159.99
Silverstone,Essential,ATX,80+ Gold,550,No,Black / Yellow,73.25
Corsair,CX,ATX,80+ Bronze,600,No,,
Thermaltake,Smart RGB,ATX,80+,600,No,,69.99
Thermaltake,Smart Pro RGB,ATX,80+ Bronze,850,Full,,208.96
Gigabyte,AORUS P GM,ATX,80+ Gold,850,Full,Black / Silver,
be quiet!,PurePower11,ATX,80+ Gold,500,No,Black,79.98
Cooler Master,MWEBronzeV2,ATX,80+ Bronze,450,No,Black,
Asus,ROG Strix,ATX,80+ Gold,550,Full,Black / Red,123.99
EVGA,210-GQ-1000-V1,ATX,80+ Gold,1000,Semi,,189.94
Raidmax,Thunder RGB,ATX,80+ Bronze,735,Semi,Black,69.98
EVGA,P2,ATX,80+ Platinum,1200,Full,,
be quiet!,PurePower11,ATX,80+ Gold,700,No,Black,99.90
Cooler Master,MWEBronze,ATX,80+ Bronze,550,No,Black,89.99
Silverstone,SFX,SFX,80+ Bronze,300,No,,143.84
Silverstone,Essential,ATX,80+ Gold,650,No,Black,84.99
EVGA,SuperNOVA T2,ATX,80+ Titanium,850,Full,,343.94
Antec,Earthwatts Gold Pro,ATX,80+ Gold,550,Semi,Black,79.98
be quiet!,PurePower11,ATX,80+ Bronze,350,No,Black,147.24
KOLINK,Classic Power,ATX,80+ Bronze,400,No,Black / Red,
SeaSonic,Core GC,ATX,80+ Gold,650,No,Black,
EVGA,600B,ATX,80+ Bronze,600,No,,179.98
Corsair,SF,SFX,80+ Platinum,450,Full,Black,124.99
Athena Power,AP-P4ATX35,ATX,,350,No,,
Thermaltake,Smart BX1,ATX,80+ Bronze,750,No,Black,79.99
EVGA,500B,ATX,80+ Bronze,500,No,,
FSP Group,AU-1200PRO,ATX,80+ Gold,1200,No,,
Cooler Master,MWE,ATX,80+ Bronze,600,No,Black,69.99
be quiet!,PurePower11,ATX,80+ Gold,400,No,Black,127.40
ADATA,XPG CORE Reactor,ATX,80+ Gold,850,Full,Black,159.99
Rosewill,LEPTON 700,ATX,80+ Gold,700,Semi,,79.99
Raidmax,RX-530SS,ATX,,530,Semi,,54.99
SeaSonic,PRIME TX,ATX,80+ Titanium,1000,Full,Black,896.49
be quiet!,SystemPower9CM,ATX,80+ Bronze,500,Semi,Black,162.48
Silverstone,Strider,ATX,80+ Gold,750,Full,,
Silverstone,SX-G,SFX,80+ Gold,700,Full,Black,151.71
Enermax,Revolution D.F.,ATX,80+ Gold,650,Full,Black,117.72
Corsair,CXF,ATX,80+ Bronze,550,Full,Black,89.99
Rosewill,PHOTON-750,ATX,80+ Gold,750,Full,,94.99
SeaSonic,PRIME Ultra Platinum,ATX,80+ Platinum,850,Full,Black,
Antec,High Current Gamer Gold,ATX,80+ Gold,750,Full,Black,120.98
GameMax,RGB Rainbow,ATX,80+ Gold,750,Full,Black,
GameMax,GP,ATX,80+ Bronze,400,No,Black,
Deepcool,DQ750ST,ATX,80+ Gold,750,No,,
GAMDIAS,KRATOS P1 G,ATX,80+ Gold,650,No,Black,89.99
Silverstone,Strider Titanium,ATX,80+ Titanium,1500,Full,Black / Blue,540.51
Thermaltake,Smart RGB,ATX,80+,700,No,,
Corsair,VS,ATX,,350,No,,
Phanteks,Revolt X,ATX,80+ Platinum,1000,Full,Black / Silver,229.99
Fractal Design,IonSFX-L,SFX,80+ Gold,650,Full,Black,
Logisys,PS480D,ATX,,480,No,,21.99
KOLINK,Classic Power,ATX,80+ Bronze,500,No,Black / Red,
SeaSonic,PRIME Titanium,ATX,80+ Titanium,600,Full,Black,218.79
Thermaltake,Smart BX1 RGB,ATX,80+ Bronze,550,No,Black,69.99
be quiet!,DarkPowerPro11,ATX,80+ Platinum,850,Semi,,199.90
Cooler Master,V850,ATX,80+ Gold,850,Full,Black,
Cooler Master,MWEWhiteV2230V,ATX,80+,650,No,Black,
GameMax,GP,ATX,80+ Bronze,550,No,Black,
Corsair,RMi,ATX,80+ Gold,850,Full,,
Antec,NeoECO Gold,ATX,80+ Gold,650,Semi,Black,69.99
Silverstone,Essential,ATX,80+ Gold,750,Semi,Black / Blue,103.68
Silverstone,Essential,ATX,80+ Gold,650,Semi,Black / Blue,93.93
Rosewill,ARC 750,ATX,80+ Bronze,750,No,,59.99
KOLINK,ENCLAVE,ATX,80+ Gold,500,Full,Black / Yellow,
EVGA,P2,ATX,80+ Platinum,650,Full,,159.94
ADATA,XPG CORE Reactor,ATX,80+ Gold,750,Full,Black,139.99
EVGA,SuperNOVA GT,ATX,80+ Gold,750,Full,Black,
Antec,High Current Gamer Gold,ATX,80+ Gold,650,Full,Black,109.98
Gigabyte,GP-G750H,ATX,80+ Gold,750,Semi,Black,
SeaSonic,FOCUS,ATX,80+ Gold,850,Semi,Black,141.99
Corsair,RM,ATX,80+ Gold,750,Full,,244.00
Rosewill,ARC 650,ATX,80+ Bronze,650,No,,59.99
Corsair,CXF,ATX,80+ Bronze,550,Full,White / Black,89.99
SeaSonic,PRIME Ultra Platinum,ATX,80+ Platinum,750,Full,Black,164.99
EVGA,G2,ATX,80+ Gold,1600,Full,,406.99
SeaSonic,FOCUS,ATX,80+ Platinum,650,Full,Black,174.99
SeaSonic,PRIME Ultra Platinum,ATX,80+ Platinum,1000,Full,Black,
Thermaltake,Litepower,ATX,,650,No,,
EVGA,G1+,ATX,80+ Gold,850,Full,,149.94
Thermaltake,Toughpower GOLD,ATX,80+ Gold,750,Semi,,107.99
Thermaltake,Toughpower Grand RGB Platinum,ATX,80+ Platinum,1050,Full,Black,229.99
GAMDIAS,KRATOS M1 B,ATX,80+ Gold,750,Semi,Black,99.99
PC Power & Cooling,KRATOS M1 BPowerMaster,ATX,80+ Bronze,600,Semi,Black / Red,
CoolMax,V-400,ATX,,400,No,,26.34
Antec,NeoECO Classic,ATX,80+ Bronze,650,No,Black,76.98
KOLINK,Classic Power,ATX,80+ Bronze,700,No,Black / Red,
Silverstone,Strider Titanium,ATX,80+ Titanium,600,Full,,139.99
Corsair,CX,ATX,80+ Bronze,750,No,,298.99
Silverstone,SFX,SFX,80+ Platinum,700,Full,,181.86
EVGA,G2,ATX,80+ Gold,550,Full,,160.00
Thermaltake,Toughpower,ATX,80+ Gold,750,Semi,,107.99
Thermaltake,Toughpower GX1,ATX,80+ Gold,600,No,Black,84.99
Corsair,RMi,ATX,80+ Gold,750,Full,,
Super Flower,LeadexIIIARGB,ATX,80+ Gold,850,Full,White,199.99
Thermaltake,Smart RGB 230V,ATX,80+,500,No,Black,202.40
be quiet!,DarkPowerPro11,ATX,80+ Platinum,1000,Semi,,352.49
EVGA,100-W1-0430-KR,ATX,80+,430,No,,95.98
Fractal Design,IonSFX-L,SFX,80+ Gold,500,Full,Black,169.38
Silverstone,Strider,ATX,80+ Bronze,700,Full,,89.67
Corsair,RMi,ATX,80+ Gold,1000,Full,,
Thermaltake,Toughpower GF1,ATX,80+ Gold,650,Full,Black,99.99
Rosewill,PHOTON-1200,ATX,80+ Gold,1200,Full,,209.99
Segotep,GP700G,ATX,80+ Gold,700,No,Black,
be quiet!,StraightPower11,ATX,80+ Gold,550,Full,,274.99
SeaSonic,PRIME,ATX,80+ Gold,1000,Full,Black,
Silverstone,SFX,SFX,80+ Bronze,450,No,Black,74.99
SeaSonic,PRIME Platinum,ATX,80+ Platinum,1000,Full,,447.14
be quiet!,StraightPower11,ATX,80+ Platinum,750,Full,Black,
Silverstone,SFX,SFX,80+ Bronze,300,No,Black,61.99
EVGA,G1,ATX,80+ Gold,650,Full,,239.88
Corsair,RM,ATX,80+ Gold,650,Full,,229.99
Silverstone,SFX,SFX,80+ Bronze,450,No,,
Corsair,CX,ATX,80+ Bronze,500,No,,179.98
Cooler Master,MWEBronzeV2,ATX,80+ Bronze,700,No,Black,
EVGA,BT,ATX,80+ Bronze,450,No,,
PowerSpec,PS 750BSM,ATX,80+ Bronze,750,Semi,Black,
SeaSonic,PRIME Fanless,ATX,80+ Titanium,700,Full,Black,269.74
be quiet!,SystemPower9CM,ATX,80+ Bronze,700,Semi,Black,174.53
CoolMax,ZU-1000B,ATX,80+ Bronze,1000,Semi,,108.46
Thermaltake,Toughpower,ATX,80+ Gold,1200,Semi,,197.99
LEPA,MaxBron,ATX,80+ Bronze,800,Semi,,97.99
EVGA,G2,ATX,80+ Gold,1300,Full,,
Corsair,RM,ATX,80+ Gold,850,Full,,
SeaSonic,M12II,ATX,80+ Bronze,620,Full,,
KOLINK,Classic Power,ATX,80+ Bronze,600,No,Black / Red,
Silverstone,Strider,ATX,80+ Gold,650,Full,,
Raidmax,RX-630SS,ATX,,630,Semi,,55.95
FSP Group,DaggerPro,SFX,80+ Gold,650,Full,Black,127.49
SeaSonic,PRIME TX,ATX,80+ Titanium,750,Full,Black,
Cooler Master,V750,ATX,80+ Gold,750,Full,,
Gigabyte,AORUS P GM,ATX,80+ Gold,750,Full,Black / Silver,
Thermaltake,Toughpower DPS G,ATX,80+ Gold,650,Full,,
SHARKOON,SilentStorm Cool Zero,ATX,80+ Gold,650,Full,Black,151.47
Rosewill,ARC 450,ATX,80+ Bronze,450,No,,44.99
Thermaltake,Toughpower Grand RGB,ATX,80+ Gold,650,Full,,119.99
EVGA,SuperNOVA,ATX,80+ Gold,650,Full,,
SeaSonic,FOCUS Plus Platinum,ATX,80+ Platinum,550,Full,,116.00
Antec,NeoECO,ATX,80+ Bronze,550,Semi,Black,69.98
NZXT,E,ATX,80+ Gold,850,Full,Black,
PowerSpec,PS 550BF,ATX,80+ Bronze,550,No,Black,
be quiet!,StraightPower11,ATX,80+ Platinum,1200,Full,Black,624.99
Cooler Master,MWEBronzeV2,ATX,80+ Bronze,500,No,Black,
SeaSonic,FOCUS,ATX,80+ Platinum,550,Full,Black,291.99
Corsair,CSM,ATX,80+ Gold,650,Semi,,
SilentiumPC,Supremo FM2,ATX,80+ Gold,750,Full,Black,
PC Power & Cooling,Supremo FM2Silencer,ATX,80+ Platinum,1050,Full,,188.98
Fractal Design,IntegraM,ATX,80+ Bronze,750,Semi,,
PowerSpec,PS 650GSM,ATX,80+ Gold,650,Semi,Black,
Rosewill,Capstone,ATX,80+ Gold,650,Semi,,79.99
Cougar,COUGAR-GX1050,ATX,80+ Gold,1050,Semi,,
be quiet!,StraightPower11,ATX,80+ Platinum,650,Full,Black,134.90
Silverstone,Essential,ATX,80+ Bronze,650,No,Black,
Corsair,CXM,ATX,80+ Bronze,430,Semi,,178.28
GameMax,GP,ATX,80+ Bronze,500,No,Black,
Thermaltake,Toughpower GX1 RGB,ATX,80+ Gold,600,No,Black,81.99
SeaSonic,PRIME Ultra Gold,ATX,80+ Gold,1000,Full,Black,
Thermaltake,Litepower,ATX,,550,No,,
Thermaltake,Toughpower GX1,ATX,80+ Gold,500,No,Black,73.20
Corsair,AX,ATX,80+ Platinum,760,Full,,
In Win,PB,ATX,80+ Gold,650,Full,,
Rosewill,ARC 550,ATX,80+ Bronze,550,No,,48.99
SeaSonic,FOCUS,ATX,80+ Gold,550,Semi,Black,89.99
Rosewill,Glacier 500M,ATX,80+ Bronze,500,Semi,,59.99
Super Flower,LeadexIIIARGB,ATX,80+ Gold,750,Full,White,169.99
Corsair,AX,ATX,80+ Platinum,860,Full,,
SeaSonic,M12II,ATX,80+ Bronze,620,No,,
Thermaltake,Smart BX1,ATX,80+ Bronze,550,No,Black,76.94
Corsair,TXM,ATX,80+ Bronze,650,Semi,,
Cooler Master,MWEWhiteV2230V,ATX,80+,550,No,Black,
Phanteks,Revolt Pro,ATX,80+ Gold,850,Full,Silver / Black,
Antec,VP PLUS,ATX,80+,650,No,,67.98
Enermax,Revolution D.F.,ATX,80+ Gold,750,Full,Black / Silver,128.00
be quiet!,StraightPower11,ATX,80+ Gold,450,Full,,187.98
Antec,VP PLUS,ATX,80+,550,No,,54.99
Thermaltake,Toughpower GF1 ARGB,ATX,80+ Gold,850,Full,,189.99
Silverstone,SST-FX350-G,Flex ATX,80+ Gold,350,No,Black,96.62
Silverstone,Strider Titanium,ATX,80+ Titanium,1300,Full,Black / Blue,358.98
Apex,AL-8250SFX,SFX,,250,No,,29.98
Cooler Master,MWEBronze,ATX,80+ Bronze,450,No,Black,79.98
Rosewill,RBR1000-M,ATX,80+ Bronze,1000,Semi,,104.99
be quiet!,DarkPowerPro11,ATX,80+ Platinum,750,Semi,,504.52
Thermaltake,TR2 S,ATX,80+,550,No,,
GameMax,GM,ATX,80+ Bronze,500,Semi,Black,
Thermaltake,Toughpower GX1 RGB,ATX,80+ Gold,500,No,Black,79.99
ADATA,XPG CORE Reactor,ATX,80+ Gold,650,Full,Black,129.99
SeaSonic,PRIME Ultra Gold,ATX,80+ Gold,750,Full,Black,156.98
EVGA,100-B1-0700-K1,ATX,80+ Bronze,700,No,,189.99
SeaSonic,M12II EVO,ATX,80+ Bronze,520,Full,Black,
Rosewill,PHOTON-550,ATX,80+ Gold,550,Full,,89.99
SeaSonic,PRIME TX,ATX,80+ Titanium,850,Full,Black,602.99
Rosewill,HIVE,ATX,80+ Bronze,850,Semi,,99.99
Corsair,RMi,ATX,80+ Gold,650,Full,,
GameMax,RGB Rainbow,ATX,80+ Gold,550,Full,Black,
Thermaltake,Toughpower iRGB PLUS Platinum,ATX,80+ Platinum,1200,Full,Black,590.16
Thermaltake,Smart BX1 RGB,ATX,80+ Bronze,750,No,Black,94.99
Silverstone,Strider Platinum S,ATX,80+ Platinum,1200,Full,Black,273.26
Rosewill,HIVE,ATX,80+ Bronze,750,Semi,,109.99
EVGA,G2,ATX,80+ Gold,1000,Full,,
KOLINK,KL-SFX350,SFX,80+ Bronze,350,No,Black / Green,
Cooler Master,MWE,ATX,80+,500,No,Black,
CoolMax,ZX-500,ATX,80+,500,No,,45.78
SHARKOON,WPM Gold Zero,ATX,80+ Gold,550,Semi,Black,
BitFenix,Whisper M,ATX,80+ Gold,750,Full,,
Cooler Master,MasterWattLiteFullRange,ATX,80+,500,No,,104.85
EVGA,B3,ATX,80+ Bronze,850,Full,,
Corsair,CX,ATX,80+ Bronze,430,No,,
Rosewill,PHOTON-650,ATX,80+ Gold,650,Full,,84.99
Corsair,VS,ATX,,450,No,,
Thermaltake,Toughpower PF1,ATX,80+ Platinum,850,Full,Black,179.99
Gigabyte,PB500,ATX,80+ Bronze,500,No,,
Cooler Master,V650,ATX,80+ Gold,650,Full,,
Thermaltake,Toughpower GX1 RGB,ATX,80+ Gold,700,No,Black,
be quiet!,StraightPower11,ATX,80+ Platinum,1000,Full,Black,
Corsair,TX,ATX,80+ Bronze,650,No,,
Corsair,TX,ATX,80+ Bronze,750,No,,
Azza,PSAZ-650B14,ATX,,650,No,,
Corsair,AXi,ATX,80+ Platinum,860,Full,,
Silverstone,Strider Platinum,ATX,80+ Platinum,850,Full,,163.57
Rosewill,HIVE,ATX,80+ Bronze,550,Semi,,69.99
SeaSonic,M12II,ATX,80+ Bronze,520,No,,
Silverstone,Strider Platinum S,ATX,80+ Platinum,1000,Full,Black,211.63
Corsair,RM,ATX,80+ Gold,1000,Full,,
be quiet!,StraightPower11,ATX,80+ Gold,1000,Full,,300.09
Rosewill,PHOTON-850,ATX,80+ Gold,850,Full,,139.99
Thermaltake,Litepower,ATX,,350,No,,
EVGA,SuperNOVA,ATX,80+ Gold,750,Full,,
Silverstone,Strider,ATX,80+ Gold,1500,Full,,349.99
Cooler Master,V1000,ATX,80+ Gold,1000,Full,,
be quiet!,DarkPowerPro11,ATX,80+ Platinum,650,Semi,,159.90
Deepcool,DA-N,ATX,80+ Bronze,600,No,Black,
CoolMax,ZX-700,ATX,80+,700,No,,56.45
Corsair,TXM,ATX,80+ Bronze,550,Semi,,231.59
Antec,High Current Gamer Gold,ATX,80+ Gold,850,Full,Black,205.00
GameMax,RGB Rainbow,ATX,80+ Gold,1050,Full,Black,
Corsair,RMx White,ATX,80+ Gold,750,Full,,267.99
Antec,NeoECO Gold,ATX,80+ Gold,550,Semi,Black,
Corsair,CSM,ATX,80+ Gold,750,Semi,,600.00
Cooler Master,SilentProGold,ATX,80+ Gold,800,Semi,,
Gigabyte,PW400,ATX,80+,400,No,Black,
Apex,AG,ATX,80+ Gold,750,Full,Black,
SeaSonic,PRIME Ultra Titanium,ATX,80+ Titanium,650,Full,,
be quiet!,SFXLPower,SFX,80+ Gold,500,Full,,
Rosewill,Capstone,ATX,80+ Gold,550,Semi,,82.99
Corsair,Vengeance,ATX,80+ Silver,750,Semi,,
Corsair,HX,ATX,80+ Gold,850,Semi,,
Corsair,VS,ATX,,550,No,,
Thermaltake,TR2 S,ATX,80+,650,No,,
SeaSonic,PRIME SNOWSILENT,ATX,80+ Titanium,750,Full,White,
Deepcool,DA-N,ATX,80+ Bronze,700,No,Black,
Corsair,AX,ATX,80+ Gold,850,Full,,
Thermaltake,TOUGHPOWER PF1 ARGB,ATX,80+ Platinum,1200,Full,,339.99
EVGA,B3,ATX,80+ Bronze,550,Full,,119.99
BitFenix,Whisper M,ATX,80+ Gold,650,Full,,
Rosewill,Glacier 600M,ATX,80+ Bronze,600,Semi,,69.99
Aerocool,AER-P7-P650W,ATX,80+ Platinum,650,Full,,
SeaSonic,PRIME Platinum,ATX,80+ Platinum,850,Full,,
Enermax,MAXREVO,ATX,80+ Gold,1800,Full,Black,
Silverstone,Strider Titanium,ATX,80+ Titanium,700,Full,,187.12
Cooler Master,V1200,ATX,80+ Platinum,1200,Full,,
be quiet!,SystemPowerU9,ATX,80+ Bronze,600,No,Black,
SHARKOON,SilentStorm Cool Zero,ATX,80+ Gold,750,Full,Black,
Thermaltake,Litepower,ATX,,450,No,,
SeaSonic,PRIME Ultra Gold,ATX,80+ Gold,850,Full,Black,188.98
Solid Gear,SDGR-900E,ATX,,900,No,,65.98
Rosewill,PHOTON-1050,ATX,80+ Gold,1050,Full,,189.99
Silverstone,Strider,ATX,80+ Bronze,500,No,,55.99
Corsair,VS,ATX,,650,No,,
Deepcool,DA-N,ATX,80+ Bronze,500,No,Black / Gold,
be quiet!,SystemPowerU9,ATX,80+ Bronze,500,No,Black,
Super Flower,LeadexIIIGold,ATX,80+ Gold,550,Full,Black,119.99
Silverstone,Strider Gold S V2,ATX,80+ Gold,850,Full,,359.95
Corsair,CX,ATX,80+ Bronze,500,No,,
Corsair,CXM,ATX,80+ Bronze,850,Semi,,
Super Flower,LeadexPlatinum,ATX,80+ Platinum,1000,Full,,
Cooler Master,VGoldV2,ATX,80+ Gold,750,Full,Black,
Raidmax,Cobra,ATX,80+ Bronze,700,No,,68.69
Cooler Master,MWEBronzeV2,ATX,80+ Bronze,600,No,Black,
Corsair,HX,ATX,80+ Gold,750,Semi,,492.28
SilentiumPC,Supremo FM2,ATX,80+ Gold,650,Full,Black,
Thermaltake,Toughpower Grand RGB Platinum,ATX,80+ Platinum,850,Full,Black,199.99
EVGA,SuperNOVA NEX750B BRONZE,ATX,80+ Bronze,750,Semi,,
be quiet!,SFXLPower,SFX,80+ Gold,600,Full,,
Cooler Master,VGold,ATX,80+ Gold,750,Full,Black,
Corsair,VS,ATX,80+,600,No,,256.49
Thermaltake,Toughpower PF1,ATX,80+ Platinum,750,Full,Black,129.99
GameMax,GM,ATX,80+ Bronze,800,Semi,Black,
Deepcool,GamerStorm DQ-M,ATX,80+ Gold,850,Full,Black / Silver,
Solid Gear,SDGR-650E,ATX,,650,No,,59.62
SeaSonic,SSP-300ST,ATX,80+ Bronze,300,No,,
Corsair,RM,ATX,80+ Gold,450,Full,,
Cougar,GX-S,ATX,80+ Gold,750,No,,137.78
CoolMax,V-500,ATX,,500,No,,30.27
SeaSonic,M12II,ATX,80+ Bronze,520,Full,,
SeaSonic,FOCUS,ATX,80+ Gold,1000,Full,Black,
Corsair,AX,ATX,80+ Gold,1200,Full,,
Corsair,CSM,ATX,80+ Gold,550,Semi,,
Thermaltake,Toughpower,ATX,80+ Gold,1000,Semi,,250.99
Cooler Master,MasterWattLite230V,ATX,80+,700,No,,
Chieftec,GPS-600A8,ATX,80+,600,No,,156.00
Corsair,CXF,ATX,80+ Bronze,750,Full,White / Black,
CoolMax,ZX-600,ATX,80+,600,No,,51.01
Silverstone,SFX,SFX,80+ Gold,600,Full,,
Gigabyte,GreenMax Plus,ATX,80+ Bronze,550,No,,
EVGA,GS,ATX,80+ Gold,650,Full,,
Xilence,Performance C,ATX,,500,No,Black / Red,
Corsair,RM,ATX,80+ Gold,550,Full,,
Corsair,Vengeance,ATX,80+ Silver,650,Semi,Black,
Apevia,Prestige,ATX,80+ Gold,600,No,Black,54.99
BitFenix,Formula Gold,ATX,80+ Gold,650,No,,
Thermaltake,Toughpower GF1 ARGB,ATX,80+ Gold,750,Full,,169.99
FSP Group,HydroGE,ATX,80+ Gold,650,Full,,99.99
Deepcool,GamerStorm DQ-M,ATX,80+ Gold,750,Full,Black / Silver,
Cooler Master,MWEGold,ATX,80+ Gold,650,No,Black,169.00
EVGA,B2,ATX,80+ Bronze,750,Semi,,125.97
Rosewill,Glacier 850M,ATX,80+ Bronze,850,Semi,,89.99
Rosewill,Glacier 700M,ATX,80+ Bronze,700,Semi,,68.99
Thermaltake,Smart,ATX,80+ Bronze,650,No,,
EVGA,B3,ATX,80+ Bronze,650,Full,,134.99
NZXT,E,ATX,80+ Gold,650,Full,Black,
Thermaltake,Toughpower PF1,ATX,80+ Platinum,650,Full,,149.99
Cooler Master,MWEBronze,ATX,80+ Bronze,500,No,Black,
Silverstone,Strider Platinum,ATX,80+ Platinum,750,Full,,141.18
Xilence,Performance C,ATX,,600,No,Black / Red,
Corsair,TX,ATX,80+,750,No,,
Rosewill,Capstone,ATX,80+ Gold,1000,Semi,Black,159.99
PowerSpec,PSX 850GFM,ATX,80+ Gold,850,Full,Black,
SeaSonic,Platinum,ATX,80+ Platinum,1000,Full,,
Silverstone,Strider Plus,ATX,80+ Bronze,500,Full,,
Corsair,TXM,ATX,80+ Bronze,850,Semi,,
SeaSonic,Platinum,ATX,80+ Platinum,400,Full,,
EVGA,G1,ATX,80+ Gold,750,Full,,
Antec,True Power,ATX,80+ Bronze,650,Full,,
Corsair,GS,ATX,80+ Bronze,800,No,,
Thermaltake,Toughpower SFX,SFX,80+ Gold,600,Full,Black,142.99
SeaSonic,G,ATX,80+ Gold,650,Semi,,187.94
Silverstone,Strider Platinum,ATX,80+ Platinum,550,Full,,145.19
Thermaltake,Toughpower iRGB PLUS,ATX,80+ Gold,1000,Full,Black,537.22
CoolMax,CM-300,Micro ATX,,300,No,,
Cooler Master,MasterWattLiteFullRange,ATX,80+,600,No,,288.76
Raidmax,Thunder RGB,ATX,80+ Bronze,535,Semi,Black,
be quiet!,PowerZone,ATX,80+ Bronze,1000,Full,,255.52
Thermaltake,Smart BX1 RGB,ATX,80+ Bronze,650,No,Black,117.80
Cooler Master,MWEBronze,ATX,80+ Bronze,650,No,Black,139.90
Silverstone,SST-TX300,TFX,80+ Bronze,300,No,Black,79.98
Cooler Master,MWEGold,ATX,80+ Gold,750,No,Black,
Corsair,TXM,ATX,80+ Bronze,750,Semi,,
BitFenix,Whisper M,ATX,80+ Gold,850,Full,,
FSP Group,FSP400-60FGGBA,Flex ATX,80+ Gold,400,No,,225.99
Silverstone,Strider,ATX,80+,400,No,,
Silverstone,Strider Platinum,ATX,80+ Platinum,1200,Full,,
Logisys,PS350MA,Micro ATX,,350,No,,16.98
SeaSonic,G,ATX,80+ Gold,550,Semi,,
SilentiumPC,Vero L2,ATX,80+ Bronze,600,No,Black,
Silverstone,SX500-G,SFX,80+ Gold,500,Full,,108.98
FSP Group,HEXA+,ATX,,500,No,,
NOX,Hummer,ATX,80+ Bronze,650,Semi,,
Apevia,Spirit,ATX,,600,No,,
SeaSonic,PRIME PX,ATX,80+ Platinum,1000,Full,Black / Silver,625.99
Cooler Master,VSFXGold,SFX,80+ Gold,850,Full,Black,
EVGA,GS,ATX,80+ Gold,550,Full,,
Silverstone,Nightjar,SFX,80+ Platinum,450,Full,Black / Blue,184.46
Silverstone,Strider Titanium,ATX,80+ Titanium,1100,Full,Black / Blue,333.98
SeaSonic,X,ATX,80+ Gold,850,Full,,299.99
Cooler Master,MasterWattLite230V,ATX,80+,600,No,,
be quiet!,PowerZone,ATX,80+ Bronze,750,Full,,220.69
Cooler Master,B500ver.2,ATX,80+,500,No,,
Thermaltake,Smart,ATX,80+ Bronze,750,No,,
Rosewill,HIVE,ATX,80+ Bronze,1000,Semi,,144.99
GameMax,GM,ATX,80+ Gold,2000,No,Black,
Xilence,Performance X,ATX,80+ Gold,750,Semi,Black / Red,174.68
FSP Group,HyperM85+,ATX,80+ Bronze,550,Semi,Black,84.99
FSP Group,HyperM,ATX,80+,700,Semi,Black,
Thermaltake,Toughpower,ATX,80+ Gold,550,Semi,,
Chieftec,GPS-700A8,ATX,80+ Bronze,700,No,Black / White,100.64
Thermaltake,Toughpower,ATX,80+ Gold,1500,Semi,,305.99
Cooler Master,MWEWhiteV2230V,ATX,80+,450,No,Black,
EVGA,G1,ATX,80+ Gold,1000,Full,,
Thermaltake,Toughpower iRGB PLUS,ATX,80+ Gold,850,Full,Black,188.99
Xilence,Performance X,ATX,80+ Gold,650,No,Black / Red,151.59
Corsair,HX,ATX,80+ Gold,750,Semi,,
SilentiumPC,Vero L2,ATX,80+ Bronze,500,No,Black,
NOX,Hummer GD,ATX,80+ Gold,750,No,,
Corsair,GS,ATX,80+ Bronze,700,No,,
Athena Power,AP-MFATX50P8,Flex ATX,80+ Silver,500,No,,94.99
SHARKOON,SilentStorm,SFX,80+ Gold,500,Full,Black,136.61
KOLINK,KL-SFX450,SFX,80+ Bronze,450,No,Black / Green,
Thermaltake,Toughpower SFX,SFX,80+ Gold,450,Full,Black,
SeaSonic,PRIME Titanium,ATX,80+ Titanium,750,Full,,
Silverstone,SFX,SFX,80+ Gold,450,Full,,
Thermaltake,Toughpower DPS G RGB,ATX,80+ Titanium,1250,Full,,739.00
Cougar,COUGAR-SX850,ATX,80+ Silver,850,Full,,
SeaSonic,PRIME,ATX,80+ Gold,850,Full,Black,188.98
Corsair,AX,ATX,80+ Gold,750,Full,,
Cooler Master,VPlatinum,ATX,80+ Platinum,850,Full,Black,197.99
SeaSonic,PRIME SNOWSILENT,ATX,80+ Gold,550,Full,White,
SilentiumPC,Supremo L2 V2,ATX,80+ Gold,550,No,Black,
NZXT,E,ATX,80+ Gold,500,Full,Black,
Cooler Master,MasterWattTUF,ATX,80+ Bronze,750,Semi,Black / Gray,
Cooler Master,VGoldV2,ATX,80+ Gold,650,Full,Black,
Thermaltake,German,ATX,80+,630,No,,170.00
EVGA,SuperNOVA NEX,ATX,80+ Bronze,750,Semi,,
Silverstone,Strider,ATX,80+ Silver,750,Full,,
be quiet!,DarkPowerPro11,ATX,80+ Platinum,1200,Semi,,279.99
Raidmax,RX-730SS,ATX,,730,Semi,,
In Win,IP-S200DF1-0,TFX,,200,No,,63.00
Fractal Design,IntegraM,ATX,80+ Bronze,650,Semi,,
Cooler Master,V700,ATX,80+ Gold,700,Full,,
XFX,TS,ATX,80+ Bronze,550,No,,
Cooler Master,GM,ATX,80+ Bronze,750,Semi,,
Silverstone,Strider Titanium,ATX,80+ Titanium,800,Full,,435.99
Super Flower,GoldenGreenHX,ATX,80+ Gold,350,No,,
Silverstone,Strider,ATX,80+,500,No,,
OCZ,ModXStream Pro,ATX,80+,600,Semi,,
Corsair,HX,ATX,80+,1000,Semi,,
NOX,URANO TX,ATX,,850,No,,
Antec,VP,ATX,,450,No,,
Rosewill,Glacier 1000M,ATX,80+ Bronze,1000,Semi,,109.99
Super Flower,LeadexIIIARGBPro,ATX,80+ Gold,850,Full,Black,189.99
Thermaltake,Toughpower iRGB PLUS,ATX,80+ Gold,750,Full,Black,159.99
EVGA,BV,ATX,80+ Bronze,450,No,,
Athena Power,AP-MFATX40,Mini ITX,80+ Bronze,400,No,,
Cooler Master,VPlatinum,ATX,80+ Platinum,1000,Full,Black,
NOX,Hummer X,ATX,80+ Gold,650,Full,Black,
Corsair,TX,ATX,80+,650,No,,
Xilence,Performance C,ATX,,400,No,Black / Red,
Cougar,GX-S,ATX,80+ Gold,650,No,,
SeaSonic,X,ATX,80+ Platinum,460,Full,,
Corsair,HX,ATX,80+ Gold,1050,Semi,,
Solid Gear,SDGR-750E,ATX,,750,Semi,,68.94
Xilence,Performance C,ATX,,700,No,Black / Red,
Cooler Master,SilentProM,ATX,80+ Bronze,700,Full,,
Thermaltake,Smart,ATX,80+ Bronze,650,Semi,,
SeaSonic,FOCUS SGX,SFX,80+ Gold,450,Full,Black,
Cooler Master,V550,ATX,80+ Gold,550,Full,,
HEC,HP585D RETAIL,ATX,,585,No,,34.99
In Win,IP-P300BN7-2,ATX,80+,300,No,,56.50
Corsair,HX,ATX,80+ Gold,650,Semi,,
Enhance,ENP-7660,Flex ATX,80+ Platinum,600,No,Silver,
be quiet!,DarkPowerPro11,ATX,80+ Platinum,550,Semi,,218.15
Silverstone,TX300,TFX,80+ Bronze,300,No,Black,76.26
Thermaltake,Smart,ATX,80+,530,No,,
Corsair,VX,ATX,80+,550,No,,
FSP Group,Twins,ATX,80+ Gold,700,No,,499.99
Corsair,CSM,ATX,80+ Gold,450,Semi,,
SeaSonic,PRIME,ATX,80+ Gold,750,Full,Black,156.98
Cougar,GX-F,ATX,80+ Gold,750,Full,Black / Orange,
Cougar,VTX,ATX,80+ Bronze,500,No,Black,
be quiet!,SystemPowerU9,ATX,80+ Bronze,400,No,Black,
Thermaltake,Toughpower iRGB PLUS Platinum,ATX,80+ Platinum,1000,Full,Black,
Lian Li,PE,SFX,80+ Platinum,750,Full,,
Mars Gaming,MPII650,ATX,,650,No,Black / Red,
EVGA,B2,ATX,80+ Bronze,850,Semi,,
Thermaltake,TR2,ATX,,430,No,,
SeaSonic,FOCUS Gold,ATX,80+ Gold,450,Semi,,
Thermaltake,Smart SE,ATX,80+ Bronze,630,Semi,,
In Win,PB,ATX,80+ Gold,750,Full,,150.00
FSP Group,FSP180-50NIV,Micro ATX,,180,No,,
Cooler Master,GM,ATX,80+ Bronze,650,Semi,,
Silverstone,Essential,ATX,80+ Gold,550,Semi,Black,
Enermax,MaxTytan,ATX,80+ Titanium,1250,Full,Black / Silver,
Cougar,STX,ATX,80+,650,No,,
BitFenix,Formula Gold,ATX,80+ Gold,450,No,,
Topower,TOP-1000WG,ATX,80+ Gold,1000,No,,
Cooler Master,GM,ATX,80+ Bronze,550,Semi,,
Thermaltake,TR2,ATX,80+,700,No,,
Thermaltake,Toughpower GF1 ARGB,ATX,80+ Gold,650,Full,,159.99
GAMDIAS,KRATOS E1,ATX,80+,500,No,Black,
SeaSonic,S12II,ATX,80+ Bronze,350,No,,
SeaSonic,PRIME Platinum,ATX,80+ Platinum,750,Full,,
be quiet!,PowerZone,ATX,80+ Bronze,650,Full,,195.20
G.Skill,RIPJAWS Gold,ATX,80+ Gold,750,Full,Black,
Xilence,Performance X,ATX,80+ Gold,550,No,Black / Red,256.27
Athena Power,AP-MFATX40P8,Flex ATX,80+ Bronze,400,No,,83.98
FSP Group,HyperM85+,ATX,80+ Bronze,650,Semi,Black,94.99
OCZ,ModXStream Pro,ATX,80+,700,Semi,,
Corsair,AXi,ATX,80+ Platinum,760,Full,,
BitFenix,Formula Gold,ATX,80+ Gold,750,No,,
Xilence,Performance X,ATX,80+ Gold,850,Semi,Black / Red,156.66
Silverstone,SX-B,SFX,80+ Bronze,300,No,Black,67.01
Cooler Master,MWEGold,ATX,80+ Gold,550,No,Black,
Silverstone,Strider,ATX,80+ Silver,1500,No,,327.62
Antec,VP,ATX,,700,No,,
Cooler Master,MasterWatt,ATX,80+ Bronze,450,Semi,Black,
Super Flower,LeadexIIIARGBPro,ATX,80+ Gold,750,Full,Black,179.99
Corsair,VS,ATX,80+,400,No,,
Corsair,TX,ATX,80+,850,No,,
BitFenix,Whisper M,ATX,80+ Gold,550,Full,,
be quiet!,PowerZone,ATX,80+ Bronze,850,Full,,
EVGA,100-B1-0450-K1,ATX,80+ Bronze,450,No,,
Raidmax,XT,ATX,,500,No,,
Thermaltake,Smart,ATX,80+ Bronze,850,Semi,,
Thermaltake,TR2,ATX,80+ Bronze,600,No,,
Cooler Master,VGoldV2,ATX,80+ Gold,850,Full,Black,
Thermaltake,TR2,ATX,80+ Bronze,500,No,,
Corsair,GS,ATX,80+ Bronze,600,No,,
Silverstone,Strider,ATX,80+,600,No,,
SilentiumPC,Vero M2,ATX,80+ Bronze,600,No,Black,
Silverstone,Strider Platinum,ATX,80+ Platinum,1000,Full,,
SeaSonic,Snow Silent,ATX,80+ Platinum,1050,Full,,
GameMax,GM,ATX,80+ Gold,1350,No,Black,
Cooler Master,VPlatinum,ATX,80+ Platinum,1300,Full,Black,
GAMDIAS,KRATOS M1 B,ATX,80+ Bronze,600,No,Black,
SeaSonic,M12II,ATX,80+ Bronze,430,No,,
be quiet!,PUREPOWERL8300W,ATX,80+ Bronze,300,No,,
Ultra,X4,ATX,80+ Bronze,750,Full,,
NZXT,HALE90 V2,ATX,80+ Gold,1000,Full,,
SHARKOON,WPM Bronze,ATX,80+ Bronze,600,Semi,,
Deepcool,GamerStorm DQ-M,ATX,80+ Gold,650,Full,Black / Silver,
FSP Group,HydroG,ATX,80+ Gold,750,Full,,
Antec,Earthwatts,ATX,80+ Bronze,650,No,,
Thermaltake,TR2,ATX,80+ Bronze,380,No,,
SeaSonic,S12III,ATX,80+ Bronze,450,No,Black,
G.Skill,RIPJAWS Gold,ATX,80+ Gold,850,Full,Black,
SeaSonic,PRIME TX,ATX,80+ Titanium,650,Full,Black,
Xilence,Performance A+ III,ATX,80+ Bronze,650,No,Black / Red,
be quiet!,PurePower10,ATX,80+ Silver,500,No,,
EVGA,PS,ATX,80+ Platinum,1000,Full,,
Corsair,TX,ATX,80+ Bronze,850,No,,
Rosewill,HIVE,ATX,80+ Bronze,550,Semi,,69.99
KOLINK,KL-SFX250,SFX,80+ Bronze,250,No,Black / Green,
Antec,Earthwatts Green,ATX,80+ Bronze,380,No,,
PowerSpec,PS 650BF,ATX,80+ Bronze,650,No,Black,
Rosewill,HIVE,ATX,80+ Bronze,650,Semi,,99.99
Enermax,MAXPRO,ATX,80+,500,No,,
be quiet!,STRAIGHTPOWERE9|480WCM,ATX,80+ Gold,480,Full,,
EVGA,GS,ATX,80+ Gold,850,Full,,
Insignia,NS-PCW5508,ATX,80+ Bronze,550,No,Black,
Thermaltake,TOUGHPOWER PF1 ARGB,ATX,80+ Platinum,850,Full,,607.99
Cooler Master,MasterWattMaker,ATX,80+ Titanium,1500,Full,,
Thermaltake,Toughpower Grand RGB Sync Edition,ATX,80+ Gold,850,Full,Black,
Super Flower,LeadexTitanium,BTX,80+ Titanium,850,Full,Black,325.99
SeaSonic,PRIME Ultra Platinum,ATX,80+ Platinum,550,Full,Black,
SeaSonic,PRIME Titanium,ATX,80+ Titanium,850,Full,,
Cooler Master,B,ATX,80+,600,No,Black,
Rosewill,Lightning,ATX,80+ Gold,1300,Semi,,523.84
SeaSonic,G,ATX,80+ Gold,450,Semi,,
Antec,High Current Gamer,ATX,80+ Bronze,620,Semi,,
Silverstone,Strider Platinum,ATX,80+ Platinum,650,Full,,156.99
Thermaltake,Toughpower Grand RGB Sync Edition,ATX,80+ Gold,750,Full,Black,249.95
In Win,P,ATX,80+ Gold,850,Full,Black,155.37
Enermax,Platimax,ATX,80+ Platinum,1350,Full,Black,
Corsair,CX,ATX,80+ Bronze,750,No,,
Thermaltake,Toughpower iRGB PLUS Platinum,ATX,80+ Platinum,850,Full,Black,227.99
Thermaltake,Smart,ATX,80+ Bronze,750,Semi,,
Cooler Master,MasterWattLite230V,ATX,80+,500,No,,
SHARKOON,SilentStorm Cool Zero,ATX,80+ Gold,850,Full,Black,
EVGA,BT,ATX,80+ Bronze,500,No,Black,117.86
FSP Group,AURUMS600W,ATX,80+ Gold,600,No,,
Rosewill,Capstone,ATX,80+ Gold,750,No,,119.99
Rosewill,Lightning,ATX,80+ Gold,800,Semi,,
SeaSonic,PRIME SNOWSILENT,ATX,80+ Platinum,650,Full,White,
Corsair,TX,ATX,80+ Bronze,950,No,,
SeaSonic,PRIME Platinum,ATX,80+ Platinum,1200,Full,,
LEPA,MaxBron,ATX,80+ Bronze,1000,Semi,,
Corsair,Vengeance,ATX,80+ Bronze,400,No,,
Cooler Master,GX,ATX,80+ Bronze,750,No,,
Thermaltake,TOUGHPOWER PF1 ARGB,ATX,80+ Platinum,1050,Full,,
XFX,PRO Black Edition,ATX,80+ Gold,850,Full,,
be quiet!,PUREPOWERL8,ATX,80+ Bronze,630,Semi,Black / Orange,
Cooler Master,MWE,ATX,80+,450,No,Black,
Thermaltake,Smart,ATX,80+,730,No,,211.59
Thermaltake,Smart,ATX,80+ Bronze,550,No,,250.00
Montech,CENTURY,ATX,80+ Gold,650,Full,Black,
SeaSonic,Platinum,ATX,80+ Platinum,660,Full,,
Mars Gaming,MP700,ATX,,700,No,,
Antec,High Current Gamer,ATX,80+ Bronze,750,No,,325.58
FSP Group,HydroGPro,ATX,80+ Gold,750,Full,Black,146.74
EVGA,B3,ATX,80+ Bronze,750,Full,,149.99
Corsair,CSM,ATX,80+ Gold,850,Semi,,
BitFenix,Formula Gold,ATX,80+ Gold,550,No,,
Athena Power,APOLLO600PLUS,SFX,80+ Bronze,600,No,,149.41
Cooler Master,i700,ATX,80+ Bronze,700,No,,
Antec,High Current Gamer Extreme,ATX,80+ Gold,850,Full,,155.86
In Win,P,ATX,80+ Gold,650,Full,Black,
Sparkle,R-SPI600GHN,ATX,80+,600,No,,171.30
Xilence,Performance A+ III,ATX,80+ Bronze,550,No,Black / Red,109.41
Corsair,HX,ATX,80+,620,Full,,
PC Power & Cooling,HXSilencer,ATX,80+ Platinum,1200,Full,,309.82
Corsair,Vengeance,ATX,80+ Bronze,500,No,,
Corsair,240V,ATX,80+ Titanium,1500,Full,,
Silverstone,Strider,ATX,80+ Gold,550,Full,,113.42
Gigabyte,GE-P450P-C2,ATX,80+,550,No,,
GAMDIAS,ASTRAPE M1,ATX,80+,550,No,Black / Multicolor,
Solid Gear,SDGR-FLEX220,Flex ATX,,220,No,,29.29
Thermaltake,TR2 RX,ATX,80+ Bronze,850,Semi,,
FSP Group,FSP220-60LE(80),Mini ITX,80+,220,No,,79.98
Apevia,Beast,ATX,,550,No,,
Fractal Design,IntegraR2,ATX,80+ Bronze,650,No,,
Thermaltake,Toughpower DPS G,ATX,80+ Gold,750,Full,,
Corsair,HX,ATX,80+ Gold,650,Semi,,
Deepcool,DN400,ATX,,400,No,,
Antec,VP,ATX,,500,No,,
Enermax,RevoBron TGA,ATX,80+ Bronze,700,Semi,Black,
Antec,High Current Gamer,ATX,80+ Bronze,750,Semi,,
SeaSonic,G,ATX,80+ Gold,360,No,,
Silverstone,Strider,ATX,80+ Silver,850,Full,,145.00
Rosewill,HIVE,ATX,80+ Bronze,750,Semi,,109.99
Raidmax,Cobra,ATX,80+ Bronze,500,No,,
GameMax,GM,ATX,80+ Bronze,300,No,Silver,
be quiet!,PurePower9CM,ATX,80+ Silver,600,Semi,,227.92
be quiet!,PurePower10CM,ATX,80+ Silver,500,Semi,,
SeaSonic,X Series,ATX,80+ Gold,1250,Full,,
Cooler Master,MasterWattTUFGamingAlliance,ATX,80+ Bronze,650,Semi,Black / Gray,
Antec,High Current Gamer,ATX,80+ Bronze,850,Semi,,
Super Flower,LEADEXSpecialEdition,ATX,80+ Platinum,1000,Full,Black,
Thermaltake,TR2,ATX,80+,800,No,,
Zalman,TX,ATX,,700,No,,
Cooler Master,GX,ATX,80+,650,No,,
Athena Power,AP-P4ATX80FEP8,ATX,80+ Bronze,800,No,,
Apex,AL-D500EXP,ATX,,500,No,,
Phanteks,PH-P550GF,ATX,80+ Gold,550,No,Black,
Raidmax,Cobra,ATX,80+ Bronze,600,No,,
Deepcool,DQ550ST,ATX,80+ Gold,550,No,,
Enermax,Platimax,ATX,80+ Platinum,1500,Full,,
be quiet!,STRAIGHTPOWER10CM,ATX,80+ Gold,800,Semi,,
In Win,PB,ATX,80+ Gold,850,Full,,
GameMax,GT,TFX,80+ Bronze,300,No,Silver,
Super Flower,LeadexTitanium,BTX,80+ Titanium,1600,Full,Black,
SilentiumPC,Supremo L2,ATX,80+ Gold,650,No,Black,
be quiet!,StraightPower11,ATX,80+ Platinum,550,Full,Black,
Antec,NeoECO,ATX,80+ Bronze,620,No,,
Corsair,CXM V2 (2017),ATX,80+ Bronze,850,Semi,Black / White,
XFX,XTR,ATX,80+ Gold,750,Full,,
LEPA,G Series,ATX,80+ Gold,1600,Full,,
Cooler Master,SilentProGold,ATX,80+ Gold,1200,Semi,,
SeaSonic,PRIME PX,ATX,80+ Platinum,850,Full,Black / Silver,499.99
Enermax,MaxTytan,ATX,80+ Titanium,800,Full,,
Zalman,ZM-600-GT,ATX,80+ Bronze,600,Semi,,
In Win,P,ATX,80+ Gold,750,Full,Black,
Super Flower,LeadexTitanium,BTX,80+ Titanium,1000,Full,Black,
Fractal Design,NewtonR3,ATX,80+ Platinum,800,Semi,,400.59
SeaSonic,M12II,ATX,80+ Bronze,650,Semi,,
OCZ,ModXStream Pro,ATX,80+,500,Semi,,
SeaSonic,X,ATX,80+ Gold,650,Full,,
Cougar,GX,ATX,80+ Gold,800,Full,Black / Gold,
SHARKOON,SilentStorm Icewind,ATX,80+ Bronze,550,Semi,White / Black,
SHARKOON,SilentStorm Icewind,ATX,80+ Bronze,650,Semi,White / Black,
EVGA,GS,ATX,80+ Gold,1050,Full,,
BitFenix,Whisper M,ATX,80+ Gold,450,Full,,
SeaSonic,PRIME,ATX,80+ Gold,650,Full,Black,
FSP Group,HydroGE,ATX,80+ Gold,550,Full,,99.99
Raidmax,Vampire,ATX,80+ Gold,800,Semi,,
Deepcool,DQ650ST,ATX,80+ Gold,650,No,,
Cooler Master,Thunder,ATX,,500,No,,
Cougar,CMX700V3,ATX,80+ Bronze,700,Semi,,
Apevia,AD,ATX,,500,No,Black,
Thermaltake,Toughpower,ATX,80+ Gold,650,Semi,,
be quiet!,PurePower10,ATX,80+ Bronze,300,No,,102.82
Apevia,ATX-JV650W,ATX,,650,No,,
Thermaltake,Smart,ATX,80+ Bronze,650,Semi,,
SeaSonic,TFX 350,TFX,80+ Gold,350,Full,,
RIOTORO,ENIGMA G2,ATX,80+ Gold,850,Full,Black / Yellow,
Antec,High Current Gamer,ATX,80+ Bronze,900,No,,
Cooler Master,EliteV2,ATX,,550,No,,
Fractal Design,IntegraR2,ATX,80+ Bronze,500,No,,
Cooler Master,MasterWattTUFGamingAlliance,ATX,80+ Bronze,550,Semi,Black / Gray,
XFX,XTR,ATX,80+ Gold,650,Full,,182.36
Silverstone,Strider,ATX,80+ Gold,650,Full,,
Raidmax,RX-1000AE,ATX,80+ Gold,1000,Semi,,
PC Power & Cooling,RX-1000AESilencerMkII,ATX,80+ Silver,750,No,,
SeaSonic,Snow Silent,ATX,80+ Platinum,750,Full,,
SeaSonic,Platinum,ATX,80+ Platinum,860,Full,,
Antec,High Current Gamer,ATX,80+ Bronze,520,Semi,,
XFX,XT,ATX,80+ Bronze,500,No,,
Corsair,TX,ATX,80+ Bronze,750,No,,
FSP Group,HydroGPro,ATX,80+ Gold,1000,Full,Black,195.74
Silverstone,Strider,ATX,80+ Bronze,600,No,,134.43
Thermaltake,Toughpower Grand RGB Sync Edition,ATX,80+ Gold,650,Full,Black,
Corsair,GS,ATX,80+ Bronze,800,No,,
SHARKOON,SilentStorm Icewind Black,ATX,80+ Bronze,650,Semi,Black,
EVGA,SuperNOVA Classified,ATX,80+ Gold,1500,Full,,
Cougar,COUGAR-GX700,ATX,80+ Gold,700,Full,,
Super Flower,LeadexIIIARGBPro,ATX,80+ Gold,650,Full,Black,159.99
CoolMax,ZU-900B,ATX,80+ Bronze,900,Semi,,219.28
Diablotek,PSDA350,ATX,,350,No,,39.99
Antec,VP,ATX,,600,No,,
be quiet!,PurePower10,ATX,80+ Silver,600,No,,146.83
Antec,Basiq,ATX,80+,550,Semi,,
Cooler Master,MWE,ATX,80+,550,No,,
SHARKOON,SilentStorm Icewind Black,ATX,80+ Bronze,750,Semi,Black,
SeaSonic,PRIME PX,ATX,80+ Platinum,750,Full,Black / Silver,180.98
Cooler Master,Elite,ATX,,460,No,,
be quiet!,PUREPOWERL8400W,ATX,80+ Bronze,400,No,,
SeaSonic,PRIME Gold,ATX,80+ Gold,850,Full,,
SeaSonic,PRIME Platinum,ATX,80+ Platinum,650,Full,,
Silverstone,Strider,ATX,80+ Gold,850,Full,,
Raidmax,Cobra,ATX,80+ Bronze,400,No,,
Rosewill,RD-Z,ATX,80+,400,No,Black,
Thermaltake,Smart BX1,ATX,80+ Bronze,450,No,Black,
Antec,High Current Gamer Extreme,ATX,80+ Gold,1000,Full,,
Corsair,CX,ATX,80+,400,No,,
Ultra,LSP750,ATX,,750,No,,
Cooler Master,VSemi-Modular,ATX,80+ Gold,650,Semi,,
Apevia,Prestige,ATX,80+ Gold,1000,No,Black,
be quiet!,POWER2,SFX,80+ Bronze,300,No,,120.23
Gigabyte,GreenMax Plus,ATX,80+ Bronze,650,No,,
SeaSonic,S12II,ATX,80+ Bronze,750,Full,,243.00
Super Flower,LeadexSilver,ATX,80+ Silver,550,Full,,
Cooler Master,Thunder,ATX,,600,No,,
Thermaltake,Smart DPS G,ATX,80+ Gold,650,Semi,,
GameMax,GM,ATX,80+ Gold,1650,No,Black,
Phanteks,PH-P650GS,ATX,80+ Gold,650,No,Black,
SeaSonic,X,ATX,80+ Gold,400,Full,,
EVGA,SuperNOVA T2,ATX,80+ Titanium,750,Full,,
be quiet!,STRAIGHTPOWER10CM,ATX,80+ Gold,600,Semi,,
EVGA,G2L,ATX,80+ Gold,750,Full,,
Super Flower,LeadexTitanium,BTX,80+ Titanium,750,Full,Black,
Thermaltake,TR2,ATX,80+ Bronze,450,No,,161.59
Montech,CENTURY,ATX,80+ Gold,550,Full,Black,
be quiet!,PurePower10CM,ATX,80+ Silver,600,Semi,,
Cooler Master,SilentProM,ATX,80+,600,Full,,
Rosewill,Green,ATX,80+,630,No,,
FSP Group,FSP300-60LG,Mini ITX,80+ Bronze,300,No,,
XFX,TS,ATX,80+ Gold,550,No,,
SeaSonic,PRIME Titanium,ATX,80+ Titanium,650,Full,,
Silverstone,Strider,ATX,80+ Bronze,600,Full,,179.37
Antec,True Power,ATX,80+ Gold,750,No,,
Antec,Earthwatts Green,ATX,80+ Bronze,450,No,,
Corsair,G,ATX,80+,700,No,,
Aerocool,P7 Platinum,ATX,80+ Platinum,850,Full,Black,
Apex,SL-275TFX,TFX,,275,No,,34.98
SeaSonic,M12II,ATX,80+ Bronze,750,Semi,,
SeaSonic,X,ATX,80+ Gold,1050,Full,,
SeaSonic,Platinum,ATX,80+ Platinum,760,Full,,
Cooler Master,SilentProGold,ATX,80+ Gold,1000,Semi,,
Corsair,VS,ATX,80+,350,No,Black,
be quiet!,PurePower9,ATX,80+ Silver,500,Semi,,
SeaSonic,G,ATX,80+ Gold,750,Semi,,
PC Power & Cooling,GSilencerMkII,ATX,80+ Silver,950,No,,
be quiet!,POWER2,SFX,80+ Bronze,400,No,,
Zalman,ZM500-RS,ATX,80+,500,No,,
LEPA,N,ATX,,500,No,,
FSP Group,Berzerker,ATX,80+ Bronze,500,No,,
Corsair,G,ATX,80+,800,No,,
Cougar,CMX850V3,ATX,80+ Bronze,850,Semi,,
SeaSonic,SSP-300SUG,Flex ATX,80+ Gold,300,No,,
Antec,High Current Pro,ATX,80+ Platinum,1300,Full,,
Corsair,AX,ATX,80+ Gold,650,Full,,
Cooler Master,SilentProHybrid,ATX,80+ Gold,1300,Full,,
Corsair,VX,ATX,80+,450,No,,
Azza,PSAZ-500B12,ATX,,500,No,,
SeaSonic,PRIME Gold,ATX,80+ Gold,1000,Full,,
Antec,Earthwatts Green,ATX,80+,500,No,,114.73
Xilence,Performance A+,ATX,80+ Bronze,730,No,Black / Red,125.21
Fractal Design,IntegraM,ATX,80+ Bronze,550,Semi,,
Antec,VP,ATX,80+,550,No,,
NZXT,HALE90 V2,ATX,80+ Gold,1200,Full,,
Antec,True Power,ATX,80+ Bronze,750,Semi,,
Xigmatek,ACXTNRP-PC502,ATX,80+ Bronze,500,No,,
Xigmatek,NRP-PC602,ATX,80+ Bronze,600,No,,
Antec,High Current Gamer,ATX,80+ Bronze,620,No,,
Thermaltake,TR2,ATX,,700,No,,
XFX,TS,ATX,80+ Gold,650,No,,
be quiet!,PUREPOWERL8350W,ATX,80+ Bronze,350,No,,
Silverstone,Nightjar,ATX,80+ Platinum,520,Full,,
be quiet!,PUREPOWERL8,ATX,80+ Bronze,530,Semi,,
GameMax,GM-1050,ATX,80+ Silver,1050,Semi,,
Super Flower,LeadexPlatinum,ATX,80+ Platinum,1200,Full,,
GAMDIAS,Cyclops X1 P,ATX,80+ Platinum,1200,Full,Black / Multicolor,
Cougar,GX-F,ATX,80+ Gold,650,Full,Black / Orange,
Cooler Master,eXtremePowerPlus,ATX,,700,No,,
Cooler Master,MasterWattLite230V,ATX,80+,400,No,,
XFX,Core Edition,ATX,80+ Bronze,650,No,,
CoolMax,ZPG-1200B,ATX,80+ Gold,1200,Semi,,307.27
Apevia,ATX-JP1000W,ATX,80+ Bronze,1000,No,,
be quiet!,PurePower10CM,ATX,80+ Silver,400,Semi,,
Corsair,TX,ATX,80+ Bronze,650,No,,
be quiet!,SystemPower8,ATX,80+,500,No,,
be quiet!,PUREPOWERL7|530W,ATX,80+,530,No,,
Silverstone,Strider,ATX,80+,700,No,,
SHARKOON,WPM Bronze,ATX,80+ Bronze,500,Semi,,
be quiet!,PUREPOWERL8500W,ATX,80+ Bronze,500,No,,
Cooler Master,SilentProM2,ATX,80+ Silver,850,Semi,,
SeaSonic,SS-300ES Bronze,ATX,80+ Bronze,300,No,,71.44
SeaSonic,X,ATX,80+ Gold,750,Full,,
be quiet!,DarkPowerPro10,ATX,80+ Gold,750,Semi,,
Thermaltake,TR2,ATX,80+ Gold,700,No,,
Corsair,TX,ATX,80+ Bronze,650,No,,
be quiet!,STRAIGHTPOWERE9|580WCM,ATX,80+ Gold,580,Semi,,
Thermaltake,TR2,ATX,,430,No,,
Fractal Design,NewtonR3,ATX,80+ Platinum,600,Semi,,302.58
FSP Group,RaiderS750,ATX,80+ Silver,750,No,,
FSP Group,HydroG,ATX,80+ Gold,650,Full,,
RIOTORO,ENIGMA G2,ATX,80+ Gold,650,Full,Black / Yellow,
Cooler Master,VSemi-Modular,ATX,80+ Gold,750,Semi,,
NZXT,HALE82 V2,ATX,80+ Bronze,700,Full,,
Antec,High Current Gamer,ATX,80+ Bronze,520,No,,
SeaSonic,PRIME Gold,ATX,80+ Gold,750,Full,,
Thermaltake,Smart,ATX,80+,430,No,,142.59
Tacens,Radix VII AG,ATX,80+ Silver,600,No,Black,
StarTech,ATX2POWER350,ATX,,350,No,,51.49
Cooler Master,SilentProM,ATX,80+ Bronze,850,Semi,,
Cooler Master,i500,ATX,80+ Bronze,500,No,,
Cooler Master,GX,ATX,80+,750,Semi,,
RIOTORO,BUILDER,ATX,80+,500,No,Black / Red,99.96
Thermaltake,Toughpower DPS G,ATX,80+ Gold,550,Full,,
Thermaltake,Toughpower,ATX,80+ Silver,1200,Semi,,498.59
XFX,ProSeries,ATX,80+ Bronze,450,No,,147.59
FSP Group,HydroG,ATX,80+ Gold,850,Full,,
Raidmax,RX-850AE,ATX,80+ Gold,850,Semi,,
Raidmax,XT,ATX,,400,No,,
Cooler Master,SilentProM2,ATX,80+ Bronze,720,Semi,,
FSP Group,FSP500-50FGGBN,Flex ATX,80+ Gold,500,No,,
Sentey,MBP HM,ATX,80+ Bronze,750,Semi,Black,
Cooler Master,MWE,ATX,80+,400,No,Black,
SeaSonic,CORE GM,ATX,80+ Gold,550,Semi,Black,
Antec,Earthwatts,ATX,80+ Bronze,500,No,,176.59
GameMax,GM,ATX,80+ Gold,1800,No,Black,
be quiet!,TFXPower2,TFX,80+ Gold,300,No,,176.52
SeaSonic,PRIME Ultra Platinum,ATX,80+ Platinum,650,Full,Black,
SeaSonic,PRIME Ultra Gold,ATX,80+ Gold,550,Full,Black,
Antec,High Current Gamer,ATX,80+ Bronze,850,Full,Black,
FSP Group,PT1200FM,ATX,80+ Platinum,1200,Full,,
Antec,NeoECO,ATX,80+ Bronze,520,No,,
Cooler Master,NewGX,ATX,80+,550,No,,
Thermaltake,Toughpower DPS G RGB Titanium,ATX,80+ Titanium,850,Full,,
GAMDIAS,ASTRAPE P1 G,ATX,80+ Gold,750,Full,Black / Multicolor,
be quiet!,STRAIGHTPOWER10CM,ATX,80+ Gold,700,Semi,,
Xilence,Performance A+ III,ATX,80+ Bronze,450,No,Black / Red,
Silverstone,Strider,ATX,80+ Gold,700,No,,
Cougar,GX-S,ATX,80+ Gold,550,No,,
OCZ,Fatal1ty,ATX,80+ Gold,1000,Semi,,441.59
OCZ,ZT,ATX,80+ Bronze,750,Full,,
Super Flower,LeadexPlatinum,ATX,80+ Platinum,750,Full,Black,
Antec,True Power,ATX,80+ Bronze,550,Full,,
Thermaltake,TR2,ATX,,600,No,,
Thermaltake,Black Widow,ATX,80+ Bronze,850,Semi,,
XFX,XT,ATX,80+ Bronze,600,No,,
Cooler Master,MasterWattMaker,ATX,80+ Titanium,1200,Full,,
EVGA,GD,ATX,80+ Gold,650,No,Black,
Cooler Master,SilentProM2,ATX,80+ Silver,1000,Semi,,
Sparkle,ATX-300PA,ATX,,300,No,,54.82
Apevia,Spirit,ATX,,700,No,,
Cooler Master,SilentProM,ATX,80+ Bronze,1000,Semi,,
Cooler Master,Extreme2,ATX,,525,No,,
Diablotek,PSDA320M,Micro ATX,,320,No,,
Zalman,zm-750-XG,ATX,80+ Gold,750,Semi,,
SeaSonic,Platinum,ATX,80+ Platinum,1200,Full,,
Super Flower,LeadexGold,ATX,80+ Gold,650,Full,,
Thermaltake,Toughpower,ATX,80+ Gold,850,Semi,,
Enermax,MaxTytan,ATX,80+ Titanium,750,Full,Black,239.99
Antec,High Current Pro,ATX,80+ Platinum,1000,Full,,
PC Power & Cooling,High Current ProSilencerMKIII,ATX,80+ Bronze,500,Semi,,
Cooler Master,eXtremePowerPlus,ATX,,500,No,,206.49
Enermax,RevoBron TGA,ATX,80+ Bronze,500,Semi,Black,
Corsair,CX,ATX,80+ Bronze,600,No,,
Fractal Design,EdisonM,ATX,80+ Gold,750,Semi,,
EVGA,Classified SR-2,ATX,80+ Silver,1200,Full,,
Thermaltake,TR2,ATX,80+ Bronze,750,Semi,,
Cougar,LX,ATX,80+ Bronze,500,Full,Black,
Thermaltake,Toughpower DPS G RGB Titanium,ATX,80+ Titanium,1000,Full,,
Zalman,zm-650-XG,ATX,80+ Gold,650,Semi,,
XFX,P1-650X-XXB9,ATX,80+ Bronze,650,Semi,,
Cougar,CMX1200V3,ATX,80+ Bronze,1200,Semi,,
Super Flower,LeadexGold,ATX,80+ Gold,750,Full,,
Super Flower,LeadexPlatinum,ATX,80+ Platinum,1000,Full,,
Rosewill,Capstone,ATX,80+ Gold,450,No,,
Cooler Master,eXtremePower,ATX,,600,No,,
Sentey,XPP725-PS,ATX,,725,Semi,,
FSP Group,Raider550,ATX,80+ Bronze,550,No,,
Cooler Master,GM,ATX,80+ Bronze,450,Semi,,
NZXT,HALE82N,ATX,80+ Bronze,650,No,,
OCZ,ZX,ATX,80+ Gold,1250,Full,,
Antec,VP,ATX,,350,No,,
SeaSonic,Platinum,ATX,80+ Platinum,520,Full,,
In Win,IP-S300FF1-0,TFX,80+,300,No,,57.99
Super Flower,GoldenGreenHX,ATX,80+ Gold,650,No,,
SeaSonic,X,ATX,80+ Gold,750,Full,,
Cooler Master,SilentProM2,ATX,80+ Bronze,620,Semi,,
SHARKOON,SilentStorm Icewind Black,ATX,80+ Bronze,550,Semi,Black,
NZXT,HALE82 V2,ATX,80+ Bronze,550,Full,,
be quiet!,PowerZone,ATX,80+ Bronze,650,Full,,
FSP Group,Berserker500,ATX,80+ Bronze,500,No,,
LEPA,MX-F1,ATX,,600,No,,
Super Flower,LeadexPlatinum,ATX,80+ Platinum,1200,Full,,
Rosewill,VALENS-600,ATX,80+ Gold,600,No,,146.99
Antec,Earthwatts,ATX,80+ Platinum,450,No,,
Apevia,ATX-CB700W,ATX,,700,No,,
Cougar,VTX,ATX,80+ Bronze,700,No,,
Corsair,TX,ATX,80+ Bronze,850,No,,
SHARKOON,WPM Bronze,ATX,80+ Bronze,700,Semi,,
Thermaltake,Toughpower XT,ATX,80+ Bronze,650,Full,,
be quiet!,PUREPOWERL8,ATX,80+ Bronze,600,No,,
Rosewill,HERCULES-1600,ATX,80+ Silver,1600,Semi,,
Cooler Master,VGoldV2,ATX,80+ Gold,550,Full,Black,
SeaSonic,M12II,ATX,80+ Bronze,850,Semi,,
Rosewill,RD-Z,ATX,80+,450,No,Black,
SeaSonic,M12II EVO,ATX,80+ Bronze,850,Full,Black,
SeaSonic,X,ATX,80+ Gold,650,Full,,
Rosewill,Stallion,ATX,,700,No,,
Rosewill,ARC M650,ATX,80+ Bronze,650,Semi,,
Fractal Design,IntegraM,ATX,80+ Bronze,450,Semi,,
Raidmax,Cobra,ATX,80+ Gold,1200,Semi,Black / Gold,
OCZ,Fatal1ty,ATX,80+ Bronze,750,Semi,,
SHARKOON,SilentStorm,SFX,80+ Bronze,450,No,Black,
XFX,P1-550S-XXB9,ATX,80+ Bronze,550,No,,
PC Power & Cooling,P1-550S-XXB9SilencerMKIII,ATX,80+ Gold,750,Semi,,
EVGA,PQ,ATX,80+ Platinum,1000,Semi,Black,
Enermax,REVOLUTION SFX,SFX,80+ Gold,550,Full,,147.49
Corsair,Vengeance,ATX,80+ Bronze,550,Semi,,
Thermaltake,Toughpower Grand,ATX,80+ Platinum,700,Semi,,
be quiet!,SystemPower8,ATX,80+,400,No,,
be quiet!,SystemPower8,ATX,80+,600,No,,
be quiet!,DarkPowerPro10,ATX,80+ Platinum,850,Semi,,
GameMax,GM,ATX,80+ Gold,500,Semi,Black,
FSP Group,HEXA85+,ATX,80+ Bronze,550,No,Black,
OCZ,ZX,ATX,80+ Gold,850,Semi,,
Enermax,REVOLUTION DUO,ATX,80+ Gold,600,No,,
Antec,True Power,ATX,80+ Gold,550,No,,
Super Flower,GoldenGreenHX,ATX,80+ Gold,450,No,,
Enermax,REVOLUTION SFX,SFX,80+ Gold,650,Full,Black,
Rosewill,Lightning,ATX,80+ Gold,1000,Semi,,
SeaSonic,M12II,ATX,80+ Bronze,850,Full,,
be quiet!,PurePower9,ATX,80+ Silver,400,Semi,,
SeaSonic,FOCUS,ATX,80+ Gold,500,Semi,Black,
Silverstone,Strider,ATX,80+ Silver,600,Full,,
Antec,High Current Pro,ATX,80+ Gold,850,Semi,,391.59
Corsair,CSM,ATX,80+ Gold,550,Semi,,
Antec,True Power,ATX,80+ Bronze,750,Full,,
OCZ,Fatal1ty,ATX,80+,550,Semi,,
Thermaltake,Toughpower Grand,ATX,80+ Gold,650,Semi,,
Zalman,ZM600-ST,ATX,80+,600,No,,
Raidmax,Cobra,ATX,80+ Gold,600,Semi,,
Fractal Design,NewtonR3,ATX,80+ Platinum,1000,Semi,,
FSP Group,Raider650,ATX,80+ Bronze,650,No,,
FSP Group,HydroGPro,ATX,80+ Gold,850,Full,Black,
Thortech,Thunderbolt PLUS,ATX,80+ Gold,800,Full,,
SeaSonic,SSP-300SFG,SFX,80+ Gold,300,No,,
be quiet!,STRAIGHTPOWERE9|400W,ATX,80+ Gold,400,No,,
FSP Group,Twins,ATX,80+ Gold,500,No,,
be quiet!,PurePower10,ATX,80+ Silver,400,No,,117.03
Enermax,RevoBron,ATX,80+ Bronze,600,Semi,,
Thermaltake,Toughpower DPS G RGB Gold,ATX,80+ Gold,750,Full,,240.00
XFX,XTR,ATX,80+ Gold,550,Full,,
Fractal Design,EdisonM,ATX,80+ Gold,650,Semi,,
NZXT,HALE90 V2,ATX,80+ Gold,850,Full,,
Silverstone,Strider,ATX,80+,400,No,,
Thermaltake,TR2,ATX,,500,No,,
Diablotek,PHD380M,Micro ATX,,380,No,,
RIOTORO,BUILDER,ATX,80+,600,No,Black / Red,
be quiet!,STRAIGHTPOWERE9680W/CM,ATX,80+ Gold,680,Semi,,
OCZ,ZS,ATX,80+ Bronze,750,No,,
Enermax,ERV1000EWT-G,ATX,80+ Gold,1000,Semi,,199.99
XFX,P1-750S-NLB9,ATX,80+ Bronze,750,No,,165.00
Thermaltake,TR2,ATX,,650,Full,,
Antec,EDGE,ATX,80+ Gold,650,Full,,
OCZ,StealthXstream II,ATX,80+,600,No,,
Thermaltake,TR2,ATX,80+ Gold,600,No,,
FSP Group,AURUMS500W,ATX,80+ Gold,500,No,,
FSP Group,AURUMS400W,ATX,80+ Gold,400,No,,
Thermaltake,Toughpower XT,ATX,80+ Bronze,875,Full,,
Cooler Master,Extreme2,ATX,,475,No,,
Cooler Master,RealPower,ATX,80+,620,Semi,,
GAMDIAS,ASTRAPE M1 B,ATX,80+ Bronze,750,No,Black / Multicolor,
XFX,Core Edition,ATX,80+ Bronze,750,No,,
Cooler Master,SilentProPlatinum,ATX,80+ Platinum,1000,Semi,,
Raidmax,Cobra,ATX,80+ Gold,1000,Semi,,
Sentey,SDP650-SS,ATX,80+,650,No,,
Azza,PSAZ-700A14,ATX,80+ Bronze,700,No,,
Thermaltake,Toughpower DPS G,ATX,80+ Gold,850,Full,,
be quiet!,TFXPower2,TFX,80+ Bronze,300,No,,95.80
Diablotek,PSDA600,ATX,,600,No,,75.00
Antec,High Current Gamer,ATX,80+ Bronze,400,Semi,,180.59
Antec,EarthWatts Platinum,ATX,80+ Platinum,650,No,,
Thermaltake,Toughpower Grand,ATX,80+ Gold,750,Full,,
Antec,High Current Pro,ATX,80+ Platinum,850,Full,,
be quiet!,PurePower10CM,ATX,80+ Silver,700,Semi,,
OCZ,ZT,ATX,80+ Bronze,650,Full,,
Cougar,SL400,ATX,,400,No,,
Thermaltake,Toughpower Grand,ATX,80+ Gold,750,Semi,,
Thermaltake,TR2,ATX,80+ Bronze,600,No,,
be quiet!,DarkPowerPro10,ATX,80+ Gold,550,Semi,,
In Win,Classic,ATX,80+ Platinum,900,Full,,
Silverstone,Strider,ATX,80+ Gold,750,Full,,
Antec,Earthwatts,ATX,80+ Platinum,750,No,,
Raidmax,RX-735AP,ATX,80+ Bronze,735,Semi,,
be quiet!,PUREPOWERL8,ATX,80+ Bronze,700,No,,
Sentey,SDP550-SS,ATX,80+,550,No,,
FSP Group,FSP450-60GHS(85)-R,SFX,80+ Bronze,450,No,,
Ultra,X4 Special Edition,ATX,80+ Bronze,850,Full,,
Thermaltake,Smart DPS G,ATX,80+ Gold,750,Semi,,
Enermax,Platimax D.F.,ATX,80+ Platinum,1050,Full,Black,
SeaSonic,PRIME Ultra Gold,ATX,80+ Gold,650,Full,Black,
Enermax,EPM1200EWT,ATX,80+ Platinum,1200,Full,,
Thermaltake,Litepower,ATX,,600,No,,
Thermaltake,Toughpower Grand,ATX,80+ Platinum,1200,Full,,
PC Power & Cooling,Toughpower GrandSilencerMKIII,ATX,80+ Bronze,600,Semi,,
Antec,True Power,ATX,80+ Bronze,850,Full,,
Raidmax,RX-1200AE,ATX,80+ Bronze,1200,Semi,,
Antec,Earthwatts,ATX,80+ Bronze,550,No,,
EVGA,SuperNOVA NEX1500 Classified,ATX,80+ Gold,1500,Full,,
EVGA,GD,ATX,80+ Gold,550,No,Black,
Ultra,LSP650,ATX,,650,No,,
Enermax,EMG900EWT,ATX,80+ Gold,900,Full,,
Raidmax,RX-535AP,ATX,80+ Bronze,535,Semi,,
Corsair,G,ATX,80+,600,No,,
OCZ,ZS,ATX,80+ Bronze,550,No,,
be quiet!,STRAIGHTPOWER10CM,ATX,80+ Gold,500,Semi,,
Antec,True Power,ATX,80+ Gold,650,No,,
Super Flower,Amazon,ATX,80+ Bronze,300,No,,
Super Flower,GoldenGreenHX,ATX,80+ Gold,550,No,,
Antec,Earthwatts,ATX,80+ Bronze,500,No,,114.98
Xilence,Performance A+,ATX,80+ Bronze,430,No,Black / Red,
SeaSonic,S12G,ATX,80+ Gold,750,No,,
be quiet!,PurePower10,ATX,80+ Bronze,350,No,,110.67
SeaSonic,PRIME Gold,ATX,80+ Gold,650,Full,,
be quiet!,STRAIGHTPOWER10,ATX,80+ Gold,500,No,,
Raidmax,Vampire,ATX,80+ Gold,1000,Semi,,
Corsair,Vengeance,ATX,80+ Bronze,650,Semi,,
Athena Power,AP-TFX40,TFX,80+ Bronze,400,No,,
Antec,Basiq,ATX,,350,No,,99.00
Apevia,ATX-AS500W-BK,ATX,,500,No,,
Apevia,ATX-WA900W,ATX,,900,No,,
Cooler Master,eXtremePower,ATX,,550,No,,
be quiet!,PUREPOWERL7|350W,ATX,80+,350,No,,
be quiet!,DarkPowerPro10,ATX,80+ Gold,650,Semi,,
Enermax,REVOLUTION X't II,ATX,80+ Gold,750,Semi,,
GAMDIAS,ASTRAPE M1,ATX,80+,650,No,Black / Multicolor,
FSP Group,Dagger,SFX,80+ Gold,600,Full,Black,
Raidmax,RX-700AC,ATX,80+ Bronze,700,Semi,,
NZXT,HALE 90,ATX,80+ Gold,850,Full,,
Enermax,EMD625AWT,ATX,80+ Bronze,625,Full,,
PC Power & Cooling,EMD625AWTFatal1tyGaming,ATX,80+ Gold,750,Full,Black / Red,
FSP Group,SFXPro,SFX,80+ Bronze,450,No,Black,
Thermaltake,Toughpower,ATX,80+ Gold,750,No,,262.58
Sparkle,FSP350-60GNV,SFX,,350,No,,59.99
PC Power & Cooling,FSP350-60GNVSilencerMKIII,ATX,80+ Bronze,400,Semi,,
Rosewill,Stallion,ATX,,500,No,,
Rocketfish,RF-900WPS,ATX,,900,Full,,
Antec,EDGE,ATX,80+ Gold,750,Full,,
Cougar,SL500,ATX,,500,No,,
Cooler Master,GX,ATX,80+,650,No,,
SeaSonic,SSP-650RT,ATX,80+ Gold,650,No,,
Antec,Earthwatts Green,ATX,80+ Bronze,350,No,,
Thermaltake,Toughpower DPS G RGB Gold,ATX,80+ Gold,850,Full,,
Cooler Master,GXII,ATX,80+ Bronze,750,No,,
Cooler Master,Elite,ATX,,460,No,,
Athena Power,AP-MFATX30,Mini ITX,80+ Bronze,300,No,,
Rosewill,Fortress,ATX,80+ Platinum,750,No,,
StarTech,MICATXPOW255,Micro ATX,,255,No,,
Xigmatek,Vector,ATX,80+ Gold,650,Semi,,
Zalman,TX,ATX,,600,No,,
Cooler Master,MASTERWATTMAKERMIJ,ATX,80+ Titanium,1200,Full,,
EVGA,PQ,ATX,80+ Platinum,750,Semi,Black,
Rosewill,Capstone G850,ATX,80+ Gold,850,Semi,,
Enermax,MAXREVO SLI,ATX,80+ Gold,1350,Full,Black / Gold,
ABS,Majesty,ATX,80+ Gold,1100,Full,,
Thermaltake,Toughpower DPS G,ATX,80+ Gold,450,Full,,
Apevia,ATX-AQ700W-BK,ATX,,700,No,,
Silverstone,Strider,ATX,80+ Bronze,500,Full,,
Thermaltake,TR2,ATX,80+,1000,Semi,,
Zalman,ZM1000-HP,ATX,80+,1000,Full,,
FSP Group,HEXA85+,ATX,80+ Bronze,350,No,Black,
FSP Group,HEXA85+,ATX,80+ Bronze,450,No,Black,
Apevia,APEVIA ATX-WR680W 680W ATX12V v2.3 SLI CrossFire Active PFC Power Supply,ATX,,680,Semi,,
Kuroutoshikou,KRPW-L5-500W/80+,ATX,80+,500,No,,
be quiet!,STRAIGHTPOWER10,ATX,80+ Gold,600,No,,
FSP Group,SFXPro,SFX,80+ Bronze,350,No,Black,
FSP Group,DaggerPro,SFX,80+ Gold,550,Full,Black,
In Win,Compact,SFX,80+ Gold,700,Full,Black,
Enermax,MaxTytan,ATX,80+ Titanium,1050,Full,,
Antec,VP-P,ATX,,450,No,,
Ultra,X4,ATX,80+ Silver,850,Full,,
Zalman,1250 Platinum,ATX,80+ Platinum,1250,Semi,,
Silverstone,Nightjar,ATX,80+ Bronze,400,No,,
Enermax,EPR525AWT_II,ATX,80+ Bronze,525,No,,
Thermaltake,Toughpower XT,ATX,80+ Bronze,675,Semi,,
be quiet!,SystemPowerU9,ATX,80+ Bronze,700,No,Black,
OCZ,StealthXStream,ATX,,700,No,,
Replace Power,RP-TFX-420W,TFX,,420,No,,
FSP Group,FSP270-60LE,Mini ITX,80+,270,No,,
NZXT,HALE 90,ATX,80+ Gold,1000,Full,,
Raidmax,RX-500AF,ATX,80+ Bronze,500,No,,
XFX,ProSeries,ATX,80+ Silver,850,Semi,,
XFX,ProSeries,ATX,80+ Silver,750,Semi,,
Antec,High Current Pro,ATX,80+ Gold,750,Semi,,399.59
Diablotek,PSUL775,ATX,,775,No,,
SeaSonic,PRIME Gold,ATX,80+ Gold,1200,Full,,
Cooler Master,GXII,ATX,80+ Bronze,550,No,,
Sparkle,ATX-350PN-B204,ATX,,350,No,,49.99
Raidmax,Vampire,ATX,80+ Gold,700,Semi,,
Corsair,GS,ATX,80+,500,No,,
Fractal Design,EdisonM,ATX,80+ Gold,550,Semi,,
Raidmax,RX-600AF,ATX,80+ Bronze,600,No,,
SeaSonic,X,ATX,80+ Gold,560,Full,,
CoolMax,ZU-700B,ATX,80+ Bronze,700,Semi,,189.32
NZXT,HALE 90,ATX,80+ Gold,750,Full,,
Fractal Design,TeslaR2,ATX,80+ Gold,800,No,,
Cougar,GX V3,ATX,80+ Gold,800,Semi,Black / Gold,
FSP Group,RaiderS550,ATX,80+ Silver,550,No,,
SeaSonic,S12G,ATX,80+ Gold,550,No,,
Cooler Master,RS,ATX,80+ Bronze,650,No,,
Cougar,COUGAR-SX700,ATX,80+ Silver,700,No,,
Cougar,COUGAR-1000CMX,ATX,80+ Bronze,1000,No,,
Apevia,AR,ATX,,500,No,Black,
FSP Group,FSP400-60GHS(85)-R,SFX,80+ Bronze,400,No,,
SeaSonic,SS-500ES Bronze,ATX,80+ Bronze,500,No,,
XFX,P1850SNLB9,ATX,80+ Bronze,850,No,,171.94
Enermax,Platimax D.F.,ATX,80+ Platinum,600,Full,Black,
Cougar,POWERX,ATX,80+ Bronze,700,No,,
Apevia,ATX-VN500W,ATX,,500,No,,
Ultra,ULT-LS500,ATX,,500,No,Silver,
Thermaltake,Smart,ATX,80+,630,No,,
Antec,EDGE,ATX,80+ Gold,550,Full,,
Antec,Earthwatts Green,ATX,80+,430,No,,
Antec,Earthwatts,ATX,80+,750,No,,
Antec,High Current Pro,ATX,80+ Gold,1200,No,,
Antec,True Power,ATX,80+ Bronze,1000,Full,,
Enermax,EMG700AWT,ATX,80+ Gold,700,Full,,
OCZ,StealthXstream II,ATX,80+,500,No,,
Rosewill,Stallion,ATX,,400,No,,
Rosewill,RX750-S-B,ATX,80+,750,No,,
Thermaltake,Toughpower XT,ATX,80+ Bronze,575,Full,,
Thermaltake,Toughpower,ATX,80+,1200,Full,,
Apevia,Raptor,ATX,,450,No,Black / Red,
be quiet!,STRAIGHTPOWERE9|450W,ATX,80+ Gold,450,No,,
Raidmax,Scorpio,ATX,80+ Bronze,535,Semi,Black / Blue,
Raidmax,Scorpio,ATX,80+ Bronze,635,Semi,,
In Win,IP-S350CQ2-0T,ATX,,350,No,,
RIOTORO,ENIGMA G2,ATX,80+ Gold,750,Full,Black / Yellow,231.80
Sparkle,R-FSP400-60ETN,ATX,80+ Platinum,400,No,,
Cooler Master,VSemi-Modular,ATX,80+ Gold,550,Semi,,
FSP Group,Raider750,ATX,80+ Bronze,750,No,,
Thermaltake,Toughpower Grand,ATX,80+ Gold,1050,No,,
RIOTORO,ONYX,ATX,80+ Bronze,650,Semi,,
Tacens,AP II,ATX,,500,No,Black / Green,
FSP Group,HydroPTM,ATX,80+ Platinum,750,Full,Black,
Sentey,SDP750-SS,ATX,80+,750,No,,
Super Flower,GoldenSilent,ATX,80+ Platinum,500,Semi,,
Super Flower,LeadexGold,ATX,80+ Gold,850,Full,,
EVGA,PQ,ATX,80+ Platinum,850,Semi,Black,
Cooler Master,SilentProM2,ATX,80+ Silver,1500,Semi,,
XFX,P1-750X-XXB9,ATX,80+ Bronze,750,Semi,,
Fractal Design,EdisonM,ATX,80+ Gold,450,Semi,,
be quiet!,PurePower10,ATX,80+ Silver,700,No,,191.37
Thermaltake,TR2,ATX,80+,1200,Semi,,
Thermaltake,Toughpower XT,ATX,80+ Gold,1475,Semi,,
Cooler Master,SilentProHybrid,ATX,80+ Gold,850,Full,,
Silverstone,Strider,ATX,80+ Gold,1200,Full,,
Thermaltake,TR2,ATX,80+ Bronze,500,No,,
Thermaltake,EVO_Blue,ATX,,750,Full,,
Zalman,ZM600-HP,ATX,,600,Full,,
Rosewill,Quark 750,ATX,80+ Platinum,750,Full,,
Cooler Master,i600,ATX,80+ Bronze,600,No,,
Thermaltake,Smart,ATX,80+ Bronze,1200,Semi,,
GAMDIAS,ASTRAPE P1 G,ATX,80+ Gold,650,Full,Black / Multicolor,
Antec,NE450M,ATX,80+ Bronze,450,Semi,,
Raidmax,RX-635AP,ATX,80+ Bronze,635,Semi,,
Zalman,zm-500-LE,ATX,,500,No,,
Xigmatek,Vector,ATX,80+ Gold,750,Semi,,
Rosewill,HERCULES-1600S,ATX,80+ Gold,1600,Semi,,
XFX,TS,ATX,80+ Gold,750,No,,
Rosewill,Capstone G750,ATX,80+ Gold,750,Semi,,
FSP Group,HydroPTM,ATX,80+ Platinum,650,Full,Black,
Cooler Master,VSM,ATX,80+ Gold,750,Semi,,
OCZ,ZS,ATX,80+ Bronze,650,No,,
BitFenix,Fury,ATX,80+ Gold,550,Semi,,
Fractal Design,IntegraR2,ATX,80+ Bronze,750,No,,
Azza,PSAZ-850B14,ATX,,850,No,,
Apevia,Astro,ATX,,500,No,Black,
SeaSonic,SS-300TFX Bronze,TFX,80+ Bronze,300,No,,90.11
Thermaltake,Toughpower,ATX,80+ Gold,650,No,,
Fractal Design,TeslaR2,ATX,80+ Gold,650,No,,
SeaSonic,SS-600ES,ATX,80+ Bronze,600,No,Gray,129.01
Xilence,Performance A+,ATX,80+ Bronze,830,No,Black / Red,
SeaSonic,PRIME PX,ATX,80+ Platinum,650,Full,Black / Silver,
Cooler Master,SilentProGold,ATX,80+ Gold,550,No,,
Antec,Basiq,ATX,,500,No,,
In Win,GreenMe550,ATX,80+ Bronze,550,No,,176.59
Enermax,ELT720AWT-ECO_II,ATX,80+,720,Full,,
Enermax,REVOLUTION X't,ATX,80+ Gold,730,Semi,,
Enermax,NAXN ADV.,ATX,80+ Bronze,550,No,,
Ultra,ULT-LSP550,ATX,,550,No,,
HEC,HEC200SA-2FX,Mini ITX,,200,No,,
Cougar,CougarA500,ATX,80+ Bronze,500,No,,
FSP Group,HydroX,ATX,80+ Gold,550,No,,
SHARKOON,SilentStorm Icewind,ATX,80+ Bronze,750,Semi,White / Black,
FSP Group,FSP500-50FSPT,Flex ATX,80+ Platinum,500,No,,
FSP Group,RaiderS650,ATX,80+ Silver,650,No,,
Thermaltake,TR2,ATX,80+ Bronze,450,No,,
Fractal Design,NewtonR3,ATX,80+ Platinum,600,Semi,,
Cougar,COUGAR-700CMX,ATX,80+ Bronze,700,No,,
Diablotek,PSUL675,ATX,,675,No,,
SeaSonic,SS-850HT Silver,ATX,80+ Silver,850,No,,239.95
Antec,Earthwatts Green,ATX,80+ Bronze,430,No,,385.00
Cougar,GX-F,ATX,80+ Gold,550,Full,Black / Orange,
SeaSonic,Platinum,ATX,80+ Platinum,520,Full,,
Rosewill,VALENS-700M,ATX,80+ Gold,700,Semi,,
Corsair,CX,ATX,80+ Bronze,430,No,,
Cooler Master,V450,ATX,80+ Gold,450,Semi,,
Rosewill,CAPSTONE-1000-M,ATX,80+ Gold,1000,Semi,,
Thortech,Thunderbolt PLUS,ATX,80+ Gold,1200,Full,,
Rosewill,Capstone,ATX,80+ Gold,650,No,,
Cougar,SL600,ATX,,600,No,,
Rosewill,Green,ATX,80+,530,No,,
Thermaltake,Toughpower XT,ATX,80+ Bronze,775,Full,,
XFX,Black Edition,ATX,80+ Silver,750,Full,,
Sparkle,GW-EPS1250DA,ATX,80+ Gold,1250,Full,,
CoolMax,ZU-500B,ATX,80+ Bronze,500,Semi,,149.15
be quiet!,STRAIGHTPOWERE9|500W,ATX,80+ Gold,500,No,,
EVGA,GD,ATX,80+ Gold,450,No,Black,
Thermaltake,Toughpower Grand,ATX,80+ Gold,850,No,,
Thermaltake,Toughpower Grand,ATX,80+ Gold,1200,No,,
Cooler Master,SilentProPlatinum,ATX,80+ Platinum,550,Semi,,
FSP Group,AURUM92+,ATX,80+ Platinum,550,Semi,,
LEPA,MX-F1,ATX,,350,No,,
Cougar,CMX550V3,ATX,80+ Bronze,550,Semi,,
SeaSonic,S12G,ATX,80+ Gold,650,No,,
Cooler Master,VSM,ATX,80+ Gold,550,Semi,,
In Win,CommanderII,ATX,80+ Bronze,1200,Full,,
SeaSonic,SS-500ET Bronze,ATX,80+ Bronze,500,No,,
Cooler Master,NewGX,ATX,80+ Bronze,450,No,,
Rosewill,ARC M550,ATX,80+ Bronze,550,Semi,,
Mistel,MX650 FANLESS,ATX,80+ Platinum,650,Full,Black,
Cooler Master,NewGX,ATX,80+ Bronze,450,No,,
SeaSonic,ECO,ATX,80+ Bronze,430,No,,
Super Flower,GoldenGreenHX,ATX,80+ Gold,750,No,,
SeaSonic,SSP-300TBS,TFX,80+ Bronze,300,No,Silver,69.28
Silverstone,Strider,ATX,80+ Gold,600,No,,
Antec,Basiq,ATX,80+,430,No,,93.75
HEC,Orion,ATX,,585,No,Black,
Antec,High Current Pro,ATX,80+ Platinum,750,Full,,
Enermax,REVOLUTION X't,ATX,80+ Gold,630,Semi,,
Enermax,REVOLUTION X't,ATX,80+ Gold,430,Semi,,
Antec,Basiq,ATX,,650,No,,
SHARKOON,WPC Bronze,ATX,80+ Bronze,550,No,Black,
OCZ,ZT,ATX,80+ Bronze,550,Full,,
Apevia,ATX-VS450W,ATX,,450,No,,
Rosewill,RD-Z,ATX,80+,500,No,Black,
XFX,ProSeries,ATX,80+ Gold,1250,Full,,
Cooler Master,SilentProHybrid,ATX,80+ Gold,1050,Full,,
Thermaltake,EVO_Blue,ATX,80+ Gold,650,Semi,,
NZXT,HALE90 V2,ATX,80+ Gold,1000,Full,,
Antec,NeoECO,ATX,80+,400,No,,
Antec,True Power,ATX,80+ Silver,1200,Semi,,
Apevia,ATX-AS520W-BK,ATX,,520,No,,
Apevia,ITX-AP250W,Mini ITX,,250,No,,
HEC,HEC250SRT,SFX,,250,No,,
Rosewill,RP600V2-S-SL,ATX,,600,No,,
Zalman,ZM770-XT,ATX,80+ Bronze,770,Full,,
Rosewill,Quark 850,ATX,80+ Platinum,850,Full,,
SeaSonic,X,ATX,80+ Platinum,460,Full,,
Nexus,NX-5000 R3,ATX,80+ Bronze,530,No,,
XFX,TS,ATX,80+ Bronze,430,No,,
be quiet!,StraightPowerE9,ATX,80+ Gold,600,No,,
Enermax,ETL450AWT-M,ATX,80+ Bronze,450,Semi,,
In Win,GreenMe650,ATX,80+ Bronze,650,No,,
Diablotek,PHD350,ATX,,350,No,,
Zalman,zm-550-XG,ATX,80+ Gold,550,Semi,,
Silverstone,Strider,ATX,80+ Gold,500,No,,
Silverstone,Strider,ATX,80+ Gold,850,Semi,,
Enermax,ENP450AST,ATX,,450,No,,
XFX,Core Edition,ATX,80+ Bronze,850,No,,
RIOTORO,ENIGMA,ATX,80+ Gold,850,Semi,,
G.Skill,RIPJAWS Platinum,ATX,80+ Platinum,1250,Full,Black,
Antec,Earthwatts Green,ATX,80+ Bronze,750,No,,
FSP Group,HydroGPro,ATX,80+ Gold,650,Full,Black,
Fractal Design,IntegraR2,ATX,80+ Bronze,650,No,,
Fractal Design,TeslaR2,ATX,80+ Gold,500,No,,
be quiet!,STRAIGHTPOWER10,ATX,80+ Gold,400,No,,
Cougar,COUGAR-A560,ATX,80+ Bronze,560,No,,
SeaSonic,Platinum,ATX,80+ Platinum,1050,Full,,
Thermaltake,German,ATX,80+ Gold,650,Semi,,
Athena Power,AP-MTFX30,TFX,,300,No,,39.99
Phanteks,PH-P750GS,ATX,80+ Gold,750,No,Black,
Topower,ZU-550W,ATX,,550,No,,52.75
FSP Group,HydroX,ATX,80+ Gold,650,No,,
Sparkle,ATX-400PN-B204,ATX,,400,No,,63.96
CoolMax,CU-700B,ATX,,700,Semi,,189.85
In Win,CommanderIII600,ATX,80+ Gold,600,Semi,,
LEPA,G800-MB,ATX,80+ Gold,800,Semi,,
Rosewill,VALENS-500,ATX,80+ Gold,500,No,,
Thermaltake,Toughpower,ATX,80+ Silver,1500,Semi,,
Thermaltake,Toughpower XT,ATX,80+ Platinum,1275,Semi,,
FSP Group,AURUMCMGOLD650,ATX,80+ Gold,650,Semi,,
E-Power,EP-600NE-XV,ATX,,600,No,,
HEC,HEC350TEWX,ATX,80+,350,No,,
Dynapower,EP-25X.E152,Micro ATX,,250,No,,
Rosewill,Green,ATX,80+ Bronze,700,No,,
Rosewill,RX850-S-B,ATX,80+,850,No,,
Silverstone,Strider,ATX,80+ Bronze,600,No,,
Thermaltake,TR2,ATX,80+ Gold,500,No,,
SeaSonic,SSP-550RT,ATX,80+ Gold,550,No,,
Cooler Master,Elite,ATX,,400,No,,
be quiet!,DarkPowerPro10,ATX,80+ Gold,1000,Semi,,
Diablotek,PHD750,ATX,,750,No,,
FSP Group,Raider450,ATX,80+ Bronze,450,No,,
be quiet!,PurePower9,ATX,80+ Silver,400,No,,
PC Power & Cooling,PurePower9Silencer,ATX,80+ Silver,910,No,,
Thermaltake,Toughpower Grand,ATX,80+ Gold,850,Full,,
SeaSonic,X,ATX,80+ Gold,660,Full,,
BFG,BFGR650WGSPSU,ATX,,650,No,,
Logisys,PS575XBK,ATX,,575,No,,
Thermaltake,Toughpower DPS G,ATX,80+ Gold,1050,Full,,
Sentey,ERP-700-SS,ATX,,700,No,,
Cougar,COUGAR-RS650,ATX,80+,650,No,,
Rosewill,RD600-M,ATX,,600,Semi,,
EVGA,G2L,ATX,80+ Gold,850,Full,,
Super Flower,LeadexGold,ATX,80+ Gold,1300,Full,,
Silverstone,Strider,ATX,80+ Bronze,700,No,,
Zalman,TX,ATX,,500,No,,
Athena Power,AP-MFATX22,Mini ITX,,220,No,,
Rosewill,Stallion,ATX,,450,No,,
Xilence,Performance A+,ATX,80+ Bronze,530,No,Black / Red,
FSP Group,FSP300-60LG-5K,Flex ATX,80+ Bronze,300,No,,
Cooler Master,VS,ATX,80+ Gold,550,Semi,,
Ultra,X4,ATX,80+ Silver,1050,Full,,
Enermax,REVOLUTION87+,ATX,80+ Gold,550,Semi,,
Zalman,ZM500-HP,ATX,,500,Semi,,
Thermaltake,Toughpower Grand,ATX,80+ Platinum,600,Semi,,
NZXT,HALE82,ATX,80+ Bronze,750,Semi,,
NZXT,HALE82,ATX,80+ Bronze,850,Semi,,
Enermax,EPG600AWT,ATX,80+ Gold,600,No,,
OCZ,Z Series Gold,ATX,80+ Gold,850,Semi,,
Rosewill,Quark 550,ATX,80+ Platinum,550,Full,,
CoolMax,ZU-600B,ATX,80+ Bronze,600,Semi,,164.28
Topower,TOP-600WB,ATX,80+ Bronze,600,No,,
Topower,TOP-800WB,ATX,80+ Bronze,800,No,,
CoolMax,ZU-800B,ATX,80+ Bronze,800,Semi,,
Ultra,LSP,ATX,,550,No,,
Cougar,GX-S,ATX,80+ Gold,450,No,,
NZXT,HALE 90,ATX,80+ Gold,650,Full,,
Kingwin,Lazer,ATX,80+ Bronze,1000,Semi,,
LEPA,P1375-MA,ATX,80+ Platinum,1375,Full,,
Antec,VP,ATX,80+,630,No,,
OCZ,ZX,ATX,80+ Gold,1000,Full,,
FSP Group,Everest85PLUS800,ATX,80+ Bronze,800,Full,,
Enermax,ENP500AWT,ATX,80+,500,No,,
PC Power & Cooling,ENP500AWTT12W,ATX,,1200,No,,
SeaSonic,X,ATX,80+ Gold,760,Full,,
FSP Group,RaiderS450,ATX,80+ Silver,450,No,,
Enermax,REVOLUTION DUO,ATX,80+ Gold,500,No,,
Rosewill,Capstone,ATX,80+ Gold,550,Semi,,
FSP Group,HydroPTM,ATX,80+ Platinum,550,Full,Black,
Rosewill,ARC M450,ATX,80+ Bronze,450,Semi,,
BitFenix,Fury,ATX,80+ Gold,750,Semi,,
Super Flower,LeadexGold,ATX,80+ Gold,1000,Full,,
Kingwin,ABT-750MM,BTX,,750,No,,
Rosewill,Stallion,ATX,,400,No,,
Enermax,ENM750AWT,ATX,80+ Bronze,750,Semi,,
GameMax,GS,SFX,80+ Bronze,300,No,Silver,
Sparkle,ATX-400PA,ATX,,400,No,,57.99
SeaSonic,S12G,ATX,80+ Gold,450,No,,
SeaSonic,PRIME AIRTOUCH,ATX,80+ Gold,850,Full,Black / Red,
Rosewill,Capstone,ATX,80+ Gold,550,No,,
FSP Group,PT1000FM,ATX,80+ Platinum,1000,Full,,
FSP Group,Dagger,SFX,80+ Gold,500,Full,Black,
HEC,Raptor500,ATX,,500,No,,
Raidmax,RX-450K,ATX,,450,No,,
Raidmax,RX-380K,ATX,,380,No,,
Silverstone,Strider,ATX,80+ Silver,1000,Full,,
Silverstone,Strider,ATX,80+ Bronze,600,No,,
Zalman,ZM660-XT,ATX,80+ Bronze,660,Full,,
Enermax,EPM600AWT,ATX,80+ Platinum,600,Semi,,
Enermax,NAXN ADV.,ATX,80+ Bronze,650,Semi,,
Enermax,Platimax,BTX,80+ Platinum,500,Semi,,
Silverstone,Strider,ATX,80+ Gold,1000,Full,,
Thermaltake,Smart,ATX,80+ Bronze,1000,Semi,,
Enermax,REVOLUTION X't II,ATX,80+ Gold,550,Semi,,
GAMDIAS,ASTRAPE M1 B,ATX,80+ Bronze,650,No,Black / Multicolor,
Athena Power,AP-TFX30,TFX,,300,No,,
Zalman,zm-400-LE,ATX,,400,No,,
PC Power & Cooling,zm-400-LESilencer,ATX,80+ Silver,760,No,,
FSP Group,ATX300-PA,ATX,,300,No,,
Enermax,Platimax D.F.,ATX,80+ Platinum,850,Full,,
RIOTORO,ONYX,ATX,80+ Bronze,750,Semi,,
FSP Group,AURUMGOLD600,ATX,80+ Gold,600,No,,
FSP Group,AURUMGOLD700,ATX,80+ Gold,700,No,,
Rosewill,PHOTON 1350,ATX,80+ Gold,1350,Full,Black,
Rosewill,Capstone,ATX,80+ Gold,650,Semi,,
Rosewill,Capstone G1000,ATX,80+ Gold,1000,Semi,,
OCZ,Fatal1ty,ATX,80+ Bronze,550,Full,,
Fractal Design,TeslaR2,ATX,80+ Gold,1000,No,,
Cougar,CMD,ATX,80+ Bronze,600,Semi,Black / Blue,
Cooler Master,VSM,ATX,80+ Gold,650,Semi,,
Fractal Design,IntegraR2,ATX,80+ Bronze,500,No,,
Xilence,Performance A+,ATX,80+ Bronze,630,No,Black / Red,
be quiet!,STRAIGHTPOWER10,ATX,80+ Gold,700,No,,
HEC,Cougar,ATX,80+,700,Semi,,
Sentey,GSP1000-SM,ATX,80+ Gold,1000,Full,,
Azza,PSAZ-1000A14,ATX,80+ Bronze,1000,No,,
Kingwin,STR-500,ATX,80+ Platinum,500,Semi,,
Super Flower,GoldenSilent,ATX,80+ Gold,430,Semi,,
StarTech,ATXPW500PRO2,ATX,,500,No,,207.56
Thermaltake,Toughpower Grand,ATX,80+ Gold,1200,Full,,
Enermax,REVOLUTION X't,ATX,80+ Gold,530,Semi,,
Thermaltake,Toughpower Grand,ATX,80+ Platinum,1050,Full,,
Mushkin,MKNPSJL800,ATX,80+ Silver,800,No,,
XFX,ProSeries,ATX,80+ Platinum,1000,Full,,
OCZ,StealthXstream II,ATX,80+,700,No,,
NZXT,HALE82,ATX,80+ Bronze,650,Semi,,
Antec,Signature,ATX,80+ Bronze,850,Full,,
XFX,ProSeries,ATX,80+ Gold,1050,Full,,
HEC,Zephyr MX-750,ATX,80+ Bronze,750,No,,
CoolMax,CA-300,ATX,,300,No,,
Enermax,ERV1020EWT,ATX,80+ Silver,1020,Full,,
SeaSonic,SSP-350ST,ATX,80+ Bronze,350,No,,
Silverstone,DA750,ATX,,750,Full,,
XFX,Black Edition,ATX,80+ Silver,850,Full,,
Thermaltake,TR2,ATX,80+ Gold,450,No,,
Enermax,Platimax,ATX,80+ Platinum,1000,Semi,Black,
Rosewill,Quark 650,ATX,80+ Platinum,650,Full,,
SeaSonic,SSP-450RT,ATX,80+ Gold,450,No,,
Cougar,RSB400,ATX,80+,400,No,,
XFX,XT,ATX,80+ Bronze,400,No,,
Raidmax,Scorpio,ATX,80+ Bronze,735,Semi,,
Enermax,ETL550AWT-M,ATX,80+ Bronze,550,Semi,,
GAMDIAS,ASTRAPE E1,ATX,80+,550,No,Black / Multicolor,
Diablotek,PHD450,ATX,,450,No,,
Diablotek,PSDA500,ATX,,500,No,,
Xigmatek,NRP-MC702,ATX,80+ Bronze,700,Full,,
Xigmatek,NRP-MC1002,ATX,80+ Bronze,1000,Full,,
Xigmatek,NRP-PC702,ATX,80+ Bronze,700,No,,
XClio,DIAMONDPOWER 880W,ATX,,880,No,,
Xigmatek,Vector,ATX,80+ Gold,850,Semi,,
Aerocool,GT-1050SG,ATX,80+ Gold,1050,Semi,,
RIOTORO,BUILDER,ATX,80+ Gold,1200,Full,Black / Red,
SeaSonic,X,ATX,80+ Gold,1250,Full,,
XFX,P1-850X-XXB9,ATX,80+ Bronze,850,Semi,,
Raidmax,RX-700AT,ATX,80+ Titanium,700,Semi,Black,
FSP Group,ATX350-PNT,ATX,,350,No,,
Thermaltake,Toughpower Grand,ATX,80+ Gold,650,Full,,
FSP Group,AURUMGOLD500,ATX,80+ Gold,500,No,,
Rosewill,Tachyon,ATX,80+ Platinum,650,Semi,,
OCZ,Fatal1ty,ATX,80+ Bronze,750,Full,,
FSP Group,VITAL400,ATX,80+,400,No,,
SeaSonic,Platinum,ATX,80+ Bronze,600,No,,
Cyonic,AU-550X,ATX,80+ Gold,550,Full,,
Sentey,ERP-400-SS,ATX,,400,No,,
Sentey,ERP-500-SM,ATX,,500,Full,,
Diablotek,PSUL575,ATX,,575,No,,
Athena Power,Apollo,SFX,,300,No,,49.99
Rosewill,VALENS-700,ATX,80+ Gold,700,No,,
FirePower,ZX,ATX,80+ Gold,850,Full,,
Thermaltake,EVO_Blue,ATX,80+ Gold,650,Semi,,
LEPA,B850-MA,ATX,80+ Bronze,850,Semi,,
Cougar,RX600,ATX,80+,600,No,,
Cougar,RX500,ATX,80+,500,No,,
Antec,True Power,ATX,80+ Silver,1200,Full,,
Apevia,ATX-AS600W-BL,ATX,,600,No,,
Apevia,ATX-AS680W-BL,ATX,,680,No,,
Apex,AL-A350ATX,ATX,,350,No,,
HEC,HP485D,ATX,,485,No,,
HEC,X-Power Pro 650,ATX,,650,No,,
CoolMax,CA-450,ATX,,450,No,,104.28
CoolMax,CUL-750B,ATX,,750,Semi,,
CoolMax,NW-650B,ATX,,650,No,,154.28
Azza,Titan,ATX,80+ Bronze,1000,No,,
Enermax,EMG800EWT,ATX,80+ Gold,800,Full,,
OCZ,EliteXStream,ATX,80+,800,No,,
Rosewill,Stallion,ATX,,500,No,,
Silverstone,DA700,ATX,,700,Full,,
Sunbeam,PSU-COM780-BK-US,ATX,,780,Full,,
Zalman,ZM460B-APS,ATX,,460,No,,
SeaSonic,SS-350ET Bronze,ATX,80+ Bronze,350,No,,
Sparkle,FSP300-60ATV,ATX,,300,No,,
Rosewill,Quark 1000,ATX,80+ Platinum,1000,Full,,
Antec,EarthWatts Platinum,ATX,80+ Platinum,550,No,,
FSP Group,ATX400-PNT,ATX,,400,No,,
be quiet!,PUREPOWERL7|300W,ATX,80+,300,No,,
Sparkle,FSP300-60THA,ATX,,300,No,,
Enermax,REVOLUTION X't II,ATX,80+ Gold,650,Semi,,
Xigmatek,ACXTNRP-PC402,ATX,80+ Bronze,400,No,,
Apevia,ATX-AS680W-BK,ATX,,680,No,,
Azza,PSAZ-850PT14,ATX,80+ Platinum,850,Semi,,
LEPA,G1200-MA,ATX,80+ Gold,1200,Semi,,
Zalman,850-HP Plus,ATX,80+ Silver,850,Semi,,
Sentey,MBP HM,ATX,80+ Bronze,850,Semi,Black,
Rosewill,Fortress,ATX,80+ Platinum,650,No,,
FSP Group,HydroX,ATX,80+ Gold,450,No,,
PC Power & Cooling,HydroXSilencerMKIII,ATX,80+ Platinum,1200,Semi,,
SHARKOON,WPM Bronze,ATX,80+ Bronze,400,Semi,,
Raidmax,Cobra,ATX,80+ Gold,500,No,,
XFX,P1-450S-XXB9,ATX,80+ Bronze,450,No,,
Rosewill,SilentNight-500,ATX,80+ Platinum,500,Semi,,
Rosewill,Tachyon,ATX,80+ Platinum,1000,Semi,,
G.Skill,RIPJAWS Platinum,ATX,80+ Platinum,850,Full,Black,
SeaSonic,Platinum,ATX,80+ Platinum,760,Full,,
Cougar,CMD,ATX,80+ Bronze,500,Semi,Black / Blue,
Athena Power,AP-MFATX35,Mini ITX,80+ Bronze,350,No,,
FSP Group,PT850FM,ATX,80+ Platinum,850,Full,,
Fractal Design,TeslaR2,ATX,80+ Gold,500,No,,
BitFenix,Fury,ATX,80+ Gold,650,Semi,,
Mistel,MX550 FANLESS,ATX,80+ Gold,550,Full,Black,
Linkworld,LPK2-30-P4,ATX,,500,No,,
Sentey,SDP850-SS,ATX,80+,850,No,,
PC Power & Cooling,SDP850-SSSilencerMKIII,ATX,80+ Gold,850,Semi,,
Xion,XON-1000P14F,ATX,,1000,No,,
Apevia,Astro,ATX,,450,No,Black,
FSP Group,AU-750M,ATX,80+ Gold,750,Semi,,
Kingwin,ABT-650MM,BTX,,650,No,,
Mushkin,MKNPSJL1000,ATX,80+ Gold,1000,No,,
Thermaltake,Toughpower,ATX,80+ Silver,1000,Semi,,
Ultra,U12-42466,ATX,80+ Bronze,650,Semi,,
Thermaltake,EVO_Blue,ATX,80+ Gold,750,Semi,,
Montech,CENTURY,ATX,80+ Gold,850,Full,Black,
Enermax,ENP650AWT B,ATX,80+ Bronze,650,No,,
Kingwin,Lazer Gold,ATX,80+ Gold,1300,Semi,,
Thermaltake,Toughpower XT,ATX,80+ Gold,1375,Semi,,
VIVO,24K,ATX,80+ Gold,650,Full,,
Enermax,TRIATHLOR,ATX,80+ Bronze,650,Semi,,
Thermaltake,EVO_Blue,ATX,80+ Gold,750,Semi,,
Thermaltake,EVO_Blue,ATX,80+ Gold,850,Semi,,
NZXT,HALE82N,ATX,80+ Bronze,650,No,,
NZXT,HALE90 V2,ATX,80+ Gold,850,Full,,
Apevia,ATX-IB680W-GN,ATX,,680,No,,
Apex,AL-A400ATX,ATX,,400,No,,
Cooler Master,Elite,ATX,,400,No,,
Sparkle,SPI460PFB2-MC2,ATX,80+,460,No,,
Silverstone,OP800,ATX,,800,No,,
SeaSonic,SSP-350SE,ATX,80+ Bronze,350,No,,
Thermaltake,Toughpower,ATX,80+ Bronze,1000,Full,,
XFX,P1-650X-CAG9,ATX,80+ Bronze,650,Full,,
SeaSonic,M12II,ATX,80+ Bronze,380,No,,
Silverstone,Strider,ATX,80+ Gold,750,Full,,
SeaSonic,SS-300ET Bronze,ATX,80+ Bronze,300,No,,
SeaSonic,SS-750HT Silver,ATX,80+ Silver,750,No,,
Rosewill,Quark 1200,ATX,80+ Platinum,1200,Full,,
Logisys,AT750BK,ATX,80+ Bronze,750,No,,
Rosewill,Capstone,ATX,80+ Gold,450,Semi,,
LEPA,B650-SA,ATX,80+ Bronze,650,No,,
PC Power & Cooling,B650-SAS75CF,ATX,80+,750,No,,
Enermax,ETL650AWT-M,ATX,80+ Bronze,650,Semi,,
Enermax,TRIATHLOR ECO,ATX,80+ Bronze,800,Semi,,
Diablotek,PHD650,ATX,,650,No,,
Athena Power,AP-P4ATX55FEC,ATX,,550,No,,
Athena Power,AP-MFATX25,Mini ITX,80+,250,No,,
Xion,AXP-700W14FG,ATX,80+ Gold,700,Full,,
XClio,GOODPOWER 500W,ATX,,500,No,,
StarTech,ATX2POW450HS,ATX,,450,No,,
Sentey,MBP HM,ATX,80+ Bronze,650,Semi,Black,
FSP Group,SAGA+500R,ATX,,500,No,,
Enermax,ENP350AST,ATX,,350,No,,
Thermaltake,Toughpower,ATX,80+ Gold,550,No,,307.58
FSP Group,AU-500FL,ATX,80+ Gold,500,Semi,,
be quiet!,BN623,ATX,80+ Bronze,500,No,,
Sparkle,ATX-300PN-B204,ATX,,300,No,,
Rosewill,Tachyon,ATX,80+ Platinum,550,Semi,,
Diablotek,PSDA300,ATX,,300,No,,
Logisys,PS480D-BK,ATX,,480,No,,
Thermaltake,Toughpower DPS G,ATX,80+ Gold,750,Full,,
LEPA,MaxBron,ATX,80+ Bronze,650,Semi,,
Fractal Design,TeslaR2,ATX,80+ Gold,650,No,,
Sentey,GSP850-SM,ATX,80+ Gold,850,Full,,
Cougar,COUGAR-A760,ATX,80+ Bronze,760,No,,
Cougar,COUGAR-RS450,ATX,80+,450,No,,
Thortech,Thunderbolt,ATX,80+ Gold,850,Full,,
Thortech,Thunderbolt,ATX,80+ Gold,650,Full,,
StarTech,ATX2PW550WH,ATX,80+,550,No,,
FSP Group,FSP300-60GHS-R,SFX,80+,300,No,,79.89
Kingwin,Lazer Platinum,ATX,80+ Platinum,850,Semi,,
Silverstone,Zeus,ATX,80+ Silver,1350,Full,,
StarTech,ATXPW550PRO2,ATX,,550,No,,176.59
StarTech,ATX2POWER430,ATX,80+,430,No,,145.59
Rosewill,VALENS-600M,ATX,80+ Gold,600,Semi,,
Apevia,ATX-RP500W,ATX,,500,No,,
Thermaltake,Toughpower Grand,ATX,80+ Platinum,850,Full,,
Enermax,TRIATHLOR,ATX,80+ Bronze,550,Semi,,
LEPA,G1000-MA,ATX,80+ Gold,1000,Semi,,
NZXT,HALE82N,ATX,80+ Bronze,550,No,,
Apevia,ATX-CW500WP4,ATX,,500,No,,
Apevia,ATX-WA750W,ATX,,750,No,,
HEC,HP585D,ATX,,585,No,,
HEC,X-Power Pro 600,ATX,,600,No,,
HEC,ZEPHY580MX,ATX,,580,No,,
Cooler Master,eXtremePowerPlus,ATX,,500,No,,206.49
CoolMax,CL-700B,ATX,,700,No,,
VisionTek,900347,ATX,,650,No,,
OCZ,EliteXStream,ATX,80+,1000,No,,
Rosewill,Libertas,ATX,80+ Bronze,800,Full,,
Rosewill,Stallion,ATX,,450,No,,
Rosewill,RV350,ATX,,350,No,,
Silverstone,Strider,ATX,80+,1200,Full,,
Silverstone,Strider,ATX,80+ Bronze,650,No,,
Silverstone,Strider,ATX,80+ Gold,1000,Semi,,
Sparkle,R-SPI900GCM,ATX,80+,900,Semi,,
SeaSonic,SS-350SFE,SFX,80+,350,No,,
FSP Group,AU-1000PRO,ATX,80+ Gold,1000,No,,
BFG,EX-1000,ATX,80+ Bronze,1000,Full,,
FSP Group,AU-400FL,ATX,80+ Gold,400,Semi,,
Rosewill,TOKAMAK 1200,ATX,80+ Titanium,1200,Full,,
Thermaltake,Toughpower DPS G RGB,ATX,80+ Titanium,1250,Full,,
CoolMax,RM-1000B,ATX,,1000,No,,
CoolMax,ZP-850B,ATX,80+ Bronze,850,Semi,,
Raidmax,RX-835AP,ATX,80+ Bronze,835,Semi,,
Diablotek,PHD850,ATX,,850,No,,
Diablotek,PSDA400,ATX,,400,No,,
Xion,XON-1100P14HE,ATX,,1100,No,,
Xion,XON-1250P14HE,ATX,,1250,No,,
StarTech,ATX2PW450PRO,ATX,,450,No,,
StarTech,ATX2PW430PRO,ATX,80+ Bronze,430,No,,
CoolMax,CUL-950B,ATX,,950,Semi,,
Sentey,MBP HM,ATX,80+ Bronze,550,Semi,Black,
Sentey,MBP HM,ATX,80+ Bronze,1000,Semi,Black,
PC Power & Cooling,MBP HMS61EPS-B,ATX,80+,610,No,,
Kingwin,Lazer,ATX,80+ Bronze,850,Semi,,
Kingwin,Mach 1,BTX,80+ Bronze,1220,Full,,
XFX,P1-850S-CAB9,ATX,80+ Bronze,850,No,,
NZXT,HALE82N,ATX,80+ Bronze,550,No,,
Lian Li,PE,SFX,80+ Gold,550,Full,,
Enermax,ENP600AWT,ATX,80+,600,No,,
FSP Group,ZEN400,ATX,80+ Bronze,400,No,,
Silverstone,Strider,ATX,80+ Gold,1000,Full,,
Kingwin,Lazer Platinum,ATX,80+ Platinum,550,Semi,,
Silverstone,Strider,ATX,80+ Silver,500,No,,
XClio,Goodpower 750W,ATX,80+ Bronze,750,Full,,
XFX,P1-650S-NLB9,ATX,80+ Bronze,650,No,,
FSP Group,AURUM92+,ATX,80+ Platinum,450,Semi,,
FSP Group,AURUM92+,ATX,80+ Platinum,650,Semi,,
LEPA,MaxBron,ATX,80+ Bronze,450,Semi,,
LEPA,MaxGold,ATX,80+ Gold,700,Semi,,
Logisys,PS480E12,ATX,,480,No,,
Topower,TOP-650PM,ATX,,650,No,,
Xion,EN-450F12BK,ATX,,450,No,,
In Win,Glacier,ATX,80+ Gold,900,Semi,,
Fractal Design,TeslaR2,ATX,80+ Gold,650,No,,
Fractal Design,TeslaR2,ATX,80+ Gold,650,No,,
Thermaltake,Toughpower DPS G,ATX,80+ Gold,850,Full,,
Cyonic,AU-650X,ATX,80+ Gold,650,Full,,
Sentey,ERP-600-SS,ATX,,600,No,,
Cougar,COUGAR-PX700,ATX,80+ Bronze,700,No,,
Xion,XON-700P12F,ATX,,700,No,,
Cougar,A,ATX,80+ Bronze,660,No,Black,
Thermaltake,Toughpower DPS G,ATX,80+ Gold,1050,Full,,
StarTech,ATXPOW350PRO,ATX,,350,No,,137.28
CoolMax,V-600,ATX,,600,No,,118.49
CoolMax,CA-400,ATX,,400,No,,
Enermax,DIGIFANLESS,ATX,80+ Platinum,550,Full,,
FSP Group,FSP300-60GHT,TFX,80+,300,No,,
Rosewill,VALENS-500M,ATX,80+ Gold,500,Semi,,
Raidmax,Vampire,ATX,80+ Gold,900,Semi,,
FSP Group,FSP300-60GHT(85),TFX,80+ Bronze,300,No,,
Enermax,EPM850EWT,ATX,80+ Platinum,850,Semi,,
Topower,TOP-1000P12-ADJ,ATX,,1000,Semi,,
Ultra,LSP,ATX,,450,No,,
E-Power,EP-1200P10-T2,ATX,80+,1200,Semi,,
LEPA,B550-SA,ATX,80+ Bronze,550,No,,
Kingwin,KX-1000,ATX,80+ Bronze,1000,Semi,,
FirePower,ZT,ATX,80+ Bronze,550,Full,,
HEC,HEC200SAFX,Mini ITX,,200,No,,
Thortech,Thunderbolt PLUS,ATX,80+ Gold,1000,Full,,
In Win,CommanderIII,ATX,80+ Gold,700,Semi,,
Thermaltake,EVO_Blue,ATX,80+ Gold,850,Semi,,
NZXT,HALE90 V2,ATX,80+ Gold,1200,Full,,
NZXT,HALE90 V2,ATX,80+ Gold,1000,Full,,
LEPA,G,ATX,80+ Gold,650,Semi,,
Cooler Master,Elite,ATX,,400,No,,
NZXT,HALE90 V2,ATX,80+ Gold,1200,Full,,
HEC,XPOWER780,ATX,,600,No,,
Cooler Master,eXtremePowerPlus,ATX,,460,No,,
CoolMax,ZP-1000B,ATX,80+ Bronze,1000,Semi,,
CoolMax,CUG-700B,ATX,,700,Full,,
CoolMax,CUG-950B,ATX,,950,Full,,
VisionTek,900349,ATX,80+ Bronze,800,No,,
CoolMax,CUQ-1350B,ATX,80+,1350,No,,
Enermax,EES400AWT_II,ATX,80+,400,No,,
Enermax,EGX1250EWT,ATX,80+ Bronze,1250,Semi,,
Enermax,EPG500AWT,ATX,80+ Gold,500,No,,
Enermax,ERV920EWT,ATX,80+ Silver,920,Full,,
OCZ,Z Series Gold,ATX,80+ Gold,1000,Semi,,
FSP Group,FSP300-60GHS(85),SFX,80+ Bronze,300,No,,
Rosewill,RV2-500,ATX,,500,No,,
Rosewill,RV350-2,ATX,,350,No,,
Silverstone,OP1000-E,ATX,,1000,No,,
XClio,STABLEPOWER GOLD 1000W,ATX,80+ Gold,1000,Full,,
Sunbeam,PSU-BKS580-US,ATX,,580,No,,
Sunbeam,PSU-ECO750-US-BL,ATX,80+,750,No,,
Thermaltake,EVO_Blue,ATX,,550,Full,,
SeaSonic,SS-300SFD,SFX,80+,300,No,,
VisionTek,900346,ATX,,500,No,,
Enermax,EPM750AWT,ATX,80+ Platinum,750,Semi,,
Xion,AXP-850K14XE,ATX,80+ Bronze,850,Semi,,
Kingwin,AP-550,ATX,80+ Platinum,550,No,,
Thermaltake,Toughpower,ATX,80+,1000,No,,
Topower,ZU-950,ATX,,950,No,,
FSP Group,AU-850PRO,ATX,80+ Gold,850,No,,
Sparkle,GW-EPS1000DA,ATX,80+ Gold,1000,Semi,,
In Win,Classic,ATX,80+ Platinum,750,Full,,
Rosewill,RV2-600,ATX,,600,No,,
FSP Group,HEXA85+,ATX,80+ Bronze,850,No,Black,
Silverstone,Strider,ATX,80+ Gold,850,Full,,
Cougar,DX500,ATX,80+,500,No,,
Athena Power,AP-P4ATX95FEPC,ATX,80+,950,No,,
Rosewill,Fortress,ATX,80+ Platinum,450,No,,
Apevia,XG,ATX,,450,No,,
Xion,XON-800R14N,ATX,,800,Full,,
XClio,DIAMONDPOWER 1080W,ATX,,1080,No,,
StarTech,ATX2POWER530,ATX,80+ Bronze,530,No,,
StarTech,ATX2POWER450,ATX,,450,No,,
StarTech,ATX2PW530PRO,ATX,80+ Bronze,530,No,,
NZXT,HALE90 V2,ATX,80+ Gold,850,Full,,
StarTech,ATX2PW550PRO,ATX,,550,No,,
Fractal Design,NewtonR3,ATX,80+ Platinum,1000,Semi,,
Azza,PSAZ-1000PT14,ATX,80+ Platinum,1000,Semi,,
Zalman,1000-HP Plus,ATX,80+ Silver,1000,Full,,
Kingwin,ABT-850MM,ATX,,850,No,,
Kingwin,ABT-1050MM,ATX,,1050,No,,
Kingwin,Lazer Gold,ATX,80+ Gold,850,Full,,
Kingwin,MK,ATX,,650,No,,
Kingwin,MK,ATX,,1000,No,,
XFX,P1-650S-CAB9,ATX,80+ Bronze,650,No,,
SeaSonic,SS-300TGW,TFX,80+ Gold,300,No,,
SeaSonic,SS-350TGM Retail,TFX,80+ Gold,350,Full,,
NZXT,HALE82N,ATX,80+ Bronze,750,No,,
FSP Group,SAGA+450R,ATX,,450,No,,
Silverstone,Strider,ATX,80+ Gold,1200,Full,,
Antec,High Current Gamer,ATX,80+ Bronze,400,No,,
SeaSonic,SS-400ET Bronze,ATX,80+ Bronze,400,No,,
FSP Group,FSP300-60SGV,TFX,80+ Gold,300,No,,
be quiet!,PowerZone,ATX,80+ Bronze,750,Full,,
Rosewill,Tachyon,ATX,80+ Platinum,750,Semi,,
Rosewill,Capstone G1200,ATX,80+ Gold,1200,Semi,,
LEPA,MaxGold,ATX,80+ Gold,500,No,,
LEPA,MaxBron,ATX,80+ Bronze,700,Semi,,
CoolMax,ZPG-1000B,ATX,80+ Gold,1000,Semi,,
Logisys,PS550E12BK,ATX,,550,No,,
Topower,TOP-500WB,ATX,80+ Bronze,500,No,,
Thermaltake,Toughpower Grand,ATX,80+ Gold,1050,Full,,
Cyonic,AU-450X,ATX,80+ Gold,450,Full,,
Sentey,ERP-600-SM,ATX,,600,Full,,
Sentey,GSP750-SM,ATX,80+ Gold,750,Full,,
Linkworld,LPG12-35-p4,ATX,,550,No,,
Sentey,ERP-500-SS,ATX,,500,No,,
Sentey,ERP-500-SMR,ATX,,500,Full,,
Linkworld,LPG8 630w,ATX,,630,No,,
Thortech,Thunderbolt,ATX,80+ Gold,1000,Full,,
Xion,XON-850P14F,ATX,,850,No,,
Topower,TOP-900W,ATX,80+,900,Full,,
Rosewill,Tachyon,ATX,80+ Platinum,1200,Full,Black,
Ultra,U12-42467,ATX,80+ Bronze,750,Semi,,
CoolMax,CA-350,ATX,,350,No,,172.28
Sparkle,R-SPI700GHN,ATX,80+,700,No,,
Enermax,ENP550AWT B,ATX,80+ Bronze,550,No,,
Logisys,PS600XBK,ATX,,600,No,,
Kingwin,Lazer Platinum,ATX,80+ Platinum,750,Semi,,
Silverstone,Strider,ATX,80+ Bronze,400,No,,
In Win,CommanderII,ATX,80+ Bronze,850,Full,,
Rosewill,Glacier 1200M,ATX,80+ Bronze,1200,Semi,,
TUNIQ,PSU-POT750-BK,ATX,80+ Bronze,750,No,,
CoolMax,ZP-750B,ATX,80+ Bronze,750,Semi,,
E-Power,EP-500LS-1,ATX,,500,No,,
NZXT,HALE82N,ATX,80+ Bronze,750,No,,
Apevia,ATX-AS500W-BL,ATX,,500,No,,
Thermaltake,Toughpower DPS G,ATX,80+ Platinum,1050,Full,,
Apevia,ATX-CB600W,ATX,,600,No,,
Apevia,ATX-TL450W-BK,ATX,,450,No,,
HEC,HEC200SA2FX,Mini ITX,,200,No,,
HEC,XPOWER585 RETAIL,ATX,,585,No,,
CoolMax,CU-600B,ATX,,600,Semi,,
CoolMax,CT-450 (silver),ATX,,450,No,,
CoolMax,VL-600B,ATX,,600,No,,114.28
VisionTek,900490,ATX,80+ Bronze,800,Semi,,
VisionTek,900488,ATX,,550,Full,,
CoolMax,CUL-650B,ATX,,650,Semi,,
CoolMax,CUL-850B,ATX,,850,Semi,,
CoolMax,CXI-600B,ATX,,600,No,,
Dynapower,EJ-750A80,ATX,80+ Bronze,750,Full,,
Dynapower,EP-45X.0562B,ATX,,450,No,,
Enermax,EMD625AWT_II,ATX,80+ Bronze,625,Full,,
Enermax,ETK500AWT,ATX,,500,No,,
In Win,Commander,ATX,80+,1200,Full,,
Sparkle,R-SPI650ACAG,ATX,80+ Gold,650,No,,
Sparkle,R-SPI750ACAG,ATX,80+ Gold,750,No,,
Rosewill,Libertas,ATX,80+,650,Full,,
Rosewill,LP-6100C,ATX,,300,No,,
Rosewill,Green,ATX,80+,430,No,,
Rosewill,RV2-700,ATX,,700,No,,
Rosewill,SL-300TFX,TFX,,300,No,,
Silverstone,OP1000-P,ATX,80+,1000,No,,
Silverstone,Strider,ATX,80+ Bronze,750,No,,
Sunbeam,PSU-COM680-BK-US,ATX,,680,Full,,
Thermaltake,Toughpower,ATX,80+ Silver,1350,Semi,,
XFX,P1-650X-CAH9,ATX,80+ Bronze,650,Full,,
Xion,AXP-1000K14XE,ATX,80+ Bronze,1000,Semi,,
Thortech,Thunderbolt,ATX,80+ Gold,1200,Full,,
Sparkle,ATX-450PN,ATX,,450,No,,
Sparkle,SCC-850AF,ATX,80+ Gold,850,Semi,,
Sparkle,SCC-750AF,ATX,80+ Gold,750,Full,,
LEPA,B550-SA,ATX,80+ Bronze,550,No,,
LEPA,B650-SA,ATX,80+ Bronze,650,No,,
E-Power,EP-550P5-T1,ATX,,550,Full,,
Sparkle,FSP400-60GHS,SFX,80+ Bronze,400,No,,
Sparkle,FSP300THAR-MC,ATX,,300,No,,
Topower,ZU-400W12,ATX,,400,No,,
Thermaltake,W0328RU,ATX,,350,No,,
E-Power,EP-500NE-XV,ATX,,500,No,,
Topower,ZU-750W,ATX,,750,No,,
Topower,TOP-400W801,ATX,80+,400,No,,
Sparkle,R-SPI700ACH5B,ATX,80+ Silver,700,No,,
Sparkle,R-SPI600ACH5B,ATX,80+ Silver,600,No,,
Zalman,LE,ATX,,400,No,,
CoolMax,CL-500B,ATX,,500,No,,
Enermax,TRIATHLOR ECO,ATX,80+ Bronze,1000,Semi,,
Topower,ZU-1050W,ATX,,1050,No,,
Cougar,DX600,ATX,80+,600,No,,
Topower,TOP-1200W,ATX,80+,1200,Full,,
Athena Power,AP-P4ATX85FEP,ATX,,850,No,,
Athena Power,AP-MPS3ATX30H,ATX,,300,No,,
Rosewill,Fortress,ATX,80+ Platinum,550,No,,
Xigmatek,NRP-MC802,ATX,80+ Bronze,800,Full,,
Xion,AXP-850R14N,ATX,,850,No,,
XClio,GreatPower,ATX,80+,600,Full,,
StarTech,ATX2POWER400,ATX,,400,No,,140.46
StarTech,ATX2PW500PRO,ATX,,500,No,,
StarTech,ATX2POW400HS,ATX,,400,No,,
StarTech,ATXPW350DELL,ATX,,350,No,,
StarTech,ATX2POW500HS,ATX,,500,No,,
Azza,PSAZ-750PT14,ATX,80+ Platinum,750,Semi,,
XClio,STABLEPOWER 460W,ATX,,460,No,,
XClio,GreatPower,ATX,80+,650,Full,,
OCZ,EliteXStream,ATX,80+,1000,No,,
Kingwin,ABT-450MM,ATX,,450,No,,
PC Power & Cooling,ABT-450MMS47ATX-B,ATX,,470,No,,
PC Power & Cooling,ABT-450MMS47ATX-BPPCT860,ATX,80+,860,No,,
Kingwin,Lazer Gold,ATX,80+ Gold,550,Full,,
Kingwin,Lazer Gold,ATX,80+ Gold,1000,Full,,
Kingwin,ABT-730MM,ATX,,730,No,,
FSP Group,FSP650-80EGN,ATX,80+ Gold,650,No,,
Kingwin,MK,ATX,,850,No,,
Kingwin,MK,ATX,,750,No,,
Sparkle,Magna GOLD PRO,ATX,80+ Gold,850,Semi,,
CoolMax,ZPG-500B,ATX,80+ Gold,500,No,,
Broadway,Com Corp OKIA-BLACK-680,ATX,,680,No,,
Broadway,Com Corp OKIA-BLACK-600,ATX,,600,No,,
Broadway,Com Corp P4-OKIA-550-RB,ATX,,550,No,,
PC Power & Cooling,Com Corp P4-OKIA-550-RBPPCT1200ESA,ATX,,1200,No,,
PC Power & Cooling,Com Corp P4-OKIA-550-RBPPCT1200ESASilencerMkII,ATX,80+ Bronze,500,No,,
Enermax,ENP550AWT,ATX,,550,No,,
XClio,Goodpower 550W,ATX,80+ Bronze,550,Full,,
PC Power & Cooling,Goodpower 550WSilencerMkII,ATX,80+ Bronze,650,No,,
Sparkle,Magna,ATX,80+ Bronze,1200,Semi,,
Kingwin,Lazer,ATX,,660,Full,,
LEPA,MaxGold,ATX,80+ Gold,600,No,,
Sparkle,R-SPI1000GCM,ATX,80+,1000,Semi,,
Logisys,PS550E12,ATX,,550,No,,
Logisys,PS480X2,ATX,,480,No,,
Topower,TOP-500PM,ATX,,500,No,,
Xion,EN-600F12,ATX,,600,No,,
LEPA,G1000-MB,ATX,80+ Gold,1000,Full,,
Ultra,X4 Special Edition,ATX,80+ Bronze,1000,Full,,
LEPA,B550-MB,ATX,80+ Bronze,550,Semi,,
Super Flower,Amazon,ATX,80+ Bronze,550,No,,
Sparkle,SPI300T8AB-B204,TFX,80+ Bronze,300,No,,82.01
Kingwin,Lazer Platinum,ATX,80+ Platinum,1000,Semi,,
Thermaltake,EVO_Blue,ATX,,650,Full,,
In Win,CommanderIII,ATX,80+ Gold,800,Semi,,
Sunbeam,IC-PSU-US-2545-DW,ATX,,450,No,,
Thermaltake,Toughpower DPS G,ATX,80+ Platinum,1050,Full,,
Apevia,ATX-AS500W-GN,ATX,,500,No,,
Apevia,ATX-IB680W-BL,ATX,,680,No,,
Apevia,ATX-TL450W,ATX,,450,No,,
HEC,HP485D Retail,ATX,,485,No,,
HEC,XPOWER585 OEM,ATX,,585,No,,
HEC,XP1080,ATX,,1080,Full,,
HEC,ZEPHYR650,ATX,,650,No,,
Topower,ZU-500W,ATX,,500,No,,
CoolMax,MP-550B,ATX,80+,550,No,,
VisionTek,900489,ATX,80+ Bronze,700,Semi,,
CoolMax,CX-400B,ATX,,400,No,,186.28
Dynapower,DP-300A,Micro ATX,,300,No,,
Silverstone,OP750,ATX,,750,No,,
Silverstone,OP850,ATX,,850,No,,
XClio,STABLEPOWER GOLD 750W,ATX,80+ Gold,750,Full,,
Sunbeam,PSU-H680-REV-US,ATX,,680,No,,
Sunbeam,PSU-H680-REV-US-BL,ATX,,680,No,,
Sunbeam,PSU-HUSH580-US,ATX,,580,No,,
Kingwin,Lazer Platinum,ATX,80+ Platinum,650,Semi,,
Xion,AXP-700K14XE,ATX,80+ Bronze,700,Semi,,
Topower,ZU-650W,ATX,,650,No,,
be quiet!,DarkPowerPro10,ATX,80+ Gold,1200,Semi,,
Topower,ZU-450W,ATX,,450,No,,
Topower,TOP-400W80,ATX,80+,400,No,,
Kingwin,ABT-610MM,ATX,,610,No,,
Silverstone,Strider,ATX,80+ Gold,1200,Full,,
Logisys,PS550AC,ATX,,550,No,,
Diablotek,PHD550,ATX,,550,No,,
XClio,STABLEPOWER 850W,ATX,,850,No,,
StarTech,ATX2PW400PRO,ATX,,400,No,,
Xion,AXP-1000R14HE,ATX,80+ Bronze,1000,Full,,
CoolMax,CUQ-1200B,ATX,80+,1200,No,,
CoolMax,CX-550B,ATX,,550,No,,
CoolMax,RM-750B,ATX,,750,No,,
XClio,GreatPower,ATX,80+,550,Full,,
XClio,STABLEPOWER 500W,ATX,,500,No,,
OCZ,EliteXStream,ATX,80+,800,No,,
Kingwin,Lazer,ATX,80+,750,Full,,
PC Power & Cooling,LazerS75CF-B,ATX,80+,750,No,,
Kingwin,Mach 1,BTX,80+ Bronze,1000,Semi,,
Kingwin,Lazer Gold,ATX,80+ Gold,700,Full,,
Kingwin,MKX,ATX,,850,Semi,,
XClio,STABLEPOWER 1000W,ATX,,1000,No,,
XFX,P1-750S-CAB9,ATX,80+ Bronze,750,No,,
XClio,GreatPower,ATX,80+,500,Full,,
FSP Group,SAGA+400R,ATX,,400,No,,
Broadway,Com Corp OKIA-BLACK-550,ATX,,550,No,,
XClio,GreatPower,ATX,80+,850,Full,,
Enermax,EGX850EWL,ATX,80+,850,Full,,
Sunbeam,PSU-HUSH580-US-BL,ATX,,580,No,,
FSP Group,AURUMGOLD400,ATX,80+ Gold,400,No,,
XClio,Goodpower 650W,ATX,80+ Bronze,650,Full,,
Anima,APII500,ATX,,500,No,Black / Green,
LEPA,MX-F1,ATX,,400,No,,
In Win,CommanderII,ATX,80+ Bronze,750,Full,,
Topower,GAPS-500LX,ATX,,500,No,,
Topower,GAPS-500MX,ATX,,500,Full,,
Sentey,GSP650-SM,ATX,80+ Gold,650,Full,,
Sparkle,SPI300GLS-B204,SFX,,300,No,,
XFX,P1-550S-XXBA,ATX,80+ Bronze,550,No,,
